temperature,path,split,camera_id
25.0,1093/20140421_185407.jpg,val,1093
24.4,1093/20140421_192404.jpg,val,1093
9.4,1093/20140422_202356.jpg,val,1093
6.1,1093/20140425_182358.jpg,val,1093
9.4,1093/20140428_165402.jpg,val,1093
15.6,1093/20140429_202358.jpg,val,1093
8.0,1093/20140501_125400.jpg,val,1093
9.4,1093/20140502_155358.jpg,val,1093
13.3,1093/20140503_185407.jpg,val,1093
12.8,1093/20140506_192409.jpg,val,1093
13.9,1093/20140507_165404.jpg,val,1093
16.0,1093/20140507_185409.jpg,val,1093
16.7,1093/20140507_192403.jpg,val,1093
22.2,1093/20140508_165408.jpg,val,1093
23.9,1093/20140508_175359.jpg,val,1093
24.4,1093/20140508_185400.jpg,val,1093
18.9,1093/20140509_185406.jpg,val,1093
17.8,1093/20140510_202356.jpg,val,1093
23.0,1093/20140513_192403.jpg,val,1093
7.2,1093/20140515_202403.jpg,val,1093
21.7,1093/20140520_175408.jpg,val,1093
22.2,1093/20140524_202354.jpg,val,1093
25.6,1093/20140526_165402.jpg,val,1093
26.7,1093/20140526_175402.jpg,val,1093
28.0,1093/20140526_202411.jpg,val,1093
16.7,1093/20140528_185358.jpg,val,1093
19.4,1093/20140529_165357.jpg,val,1093
22.8,1093/20140530_175404.jpg,val,1093
27.2,1093/20140531_202403.jpg,val,1093
16.7,1093/20140604_182357.jpg,val,1093
20.6,1093/20140605_175405.jpg,val,1093
26.7,1093/20140607_182403.jpg,val,1093
26.7,1093/20140607_192404.jpg,val,1093
21.1,1093/20140608_192356.jpg,val,1093
22.8,1093/20140609_202355.jpg,val,1093
18.3,1093/20140611_165406.jpg,val,1093
18.3,1093/20140611_182411.jpg,val,1093
14.4,1093/20140613_192356.jpg,val,1093
21.1,1093/20140614_185402.jpg,val,1093
22.8,1093/20140615_182408.jpg,val,1093
26.7,1093/20140616_165406.jpg,val,1093
23.3,1093/20140618_185403.jpg,val,1093
20.0,1093/20140619_165403.jpg,val,1093
22.2,1093/20140619_172400.jpg,val,1093
22.8,1093/20140624_165407.jpg,val,1093
20.0,1093/20140625_172401.jpg,val,1093
22.8,1093/20140626_202417.jpg,val,1093
27.8,1093/20140627_185408.jpg,val,1093
23.3,1093/20140701_165356.jpg,val,1093
20.6,1093/20140703_185359.jpg,val,1093
20.6,1093/20140703_202410.jpg,val,1093
23.3,1093/20140704_202358.jpg,val,1093
24.4,1093/20140706_192404.jpg,val,1093
27.2,1093/20140707_185402.jpg,val,1093
25.0,1093/20140711_202403.jpg,val,1093
23.3,1093/20140713_182405.jpg,val,1093
25.0,1093/20140714_202404.jpg,val,1093
25.6,1093/20140719_202400.jpg,val,1093
28.3,1093/20140722_175411.jpg,val,1093
21.1,1093/20140729_175406.jpg,val,1093
25.0,1093/20140731_202354.jpg,val,1093
28.3,1093/20140803_185406.jpg,val,1093
27.2,1093/20140803_192409.jpg,val,1093
28.3,1093/20140803_202405.jpg,val,1093
27.2,1093/20140804_165401.jpg,val,1093
28.3,1093/20140804_175401.jpg,val,1093
26.7,1093/20140808_185359.jpg,val,1093
24.4,1093/20140811_182408.jpg,val,1093
20.0,1093/20140812_165402.jpg,val,1093
20.0,1093/20140814_192402.jpg,val,1093
23.3,1093/20140815_202402.jpg,val,1093
22.2,1093/20140817_182356.jpg,val,1093
21.1,1093/20140817_192357.jpg,val,1093
21.7,1093/20140818_175409.jpg,val,1093
25.0,1093/20140820_182406.jpg,val,1093
24.4,1093/20140822_175407.jpg,val,1093
25.0,1093/20140822_202406.jpg,val,1093
26.7,1093/20140826_202400.jpg,val,1093
22.2,1093/20140827_192357.jpg,val,1093
20.0,1093/20140829_175408.jpg,val,1093
24.4,1093/20140831_175406.jpg,val,1093
24.4,1093/20140831_192423.jpg,val,1093
23.9,1093/20140902_182411.jpg,val,1093
24.4,1093/20140902_202402.jpg,val,1093
23.9,1093/20140903_165406.jpg,val,1093
27.8,1093/20140905_152406.jpg,val,1093
18.9,1093/20140910_165355.jpg,val,1093
11.7,1093/20140913_192403.jpg,val,1093
17.8,1093/20140917_175403.jpg,val,1093
17.8,1093/20140918_202402.jpg,val,1093
13.3,1093/20140922_175409.jpg,val,1093
20.0,1093/20140924_175411.jpg,val,1093
17.8,1093/20140924_182408.jpg,val,1093
20.6,1093/20140925_185357.jpg,val,1093
18.9,1093/20140928_182355.jpg,val,1093
12.2,1093/20140930_172358.jpg,val,1093
13.3,1093/20141001_165410.jpg,val,1093
5.6,1093/20141004_185403.jpg,val,1093
13.9,1093/20141006_185400.jpg,val,1093
15.6,1093/20141007_175403.jpg,val,1093
13.3,1093/20141007_182408.jpg,val,1093
14.0,1093/20141008_202406.jpg,val,1093
3.0,3297/20130101_153118.jpg,train,3297
2.0,3297/20130102_153122.jpg,train,3297
4.0,3297/20130104_200121.jpg,train,3297
7.0,3297/20130106_190111.jpg,train,3297
5.0,3297/20130107_173125.jpg,train,3297
4.0,3297/20130110_200123.jpg,train,3297
-1.0,3297/20130112_153121.jpg,train,3297
2.0,3297/20130114_163116.jpg,train,3297
3.0,3297/20130117_190118.jpg,train,3297
3.0,3297/20130119_180131.jpg,train,3297
1.0,3297/20130120_163119.jpg,train,3297
0.0,3297/20130121_190127.jpg,train,3297
4.0,3297/20130126_190122.jpg,train,3297
3.0,3297/20130128_180135.jpg,train,3297
6.0,3297/20130129_173116.jpg,train,3297
5.0,3297/20130130_180142.jpg,train,3297
6.0,3297/20130131_190130.jpg,train,3297
5.0,3297/20130202_180116.jpg,train,3297
7.0,3297/20130205_180121.jpg,train,3297
7.0,3297/20130206_190118.jpg,train,3297
5.0,3297/20130210_153118.jpg,train,3297
8.0,3297/20130213_173119.jpg,train,3297
7.0,3297/20130216_200132.jpg,train,3297
6.0,3297/20130217_200123.jpg,train,3297
4.0,3297/20130218_153118.jpg,train,3297
6.0,3297/20130219_190131.jpg,train,3297
7.0,3297/20130222_163115.jpg,train,3297
6.0,3297/20130227_190123.jpg,train,3297
7.0,3297/20130302_190123.jpg,train,3297
6.0,3297/20130305_190129.jpg,train,3297
6.0,3297/20130305_200116.jpg,train,3297
8.0,3297/20130308_153118.jpg,train,3297
6.0,3297/20130312_200121.jpg,train,3297
10.0,3297/20130314_200123.jpg,train,3297
8.0,3297/20130316_173115.jpg,train,3297
6.0,3297/20130322_173120.jpg,train,3297
4.0,3297/20130322_190133.jpg,train,3297
7.0,3297/20130325_180134.jpg,train,3297
10.0,3297/20130327_173114.jpg,train,3297
7.0,3297/20130329_180135.jpg,train,3297
10.0,3297/20130330_163115.jpg,train,3297
11.0,3297/20130330_200133.jpg,train,3297
10.0,3297/20130331_153117.jpg,train,3297
12.0,3297/20130331_200135.jpg,train,3297
13.0,3297/20130401_190128.jpg,train,3297
10.0,3297/20130402_180113.jpg,train,3297
9.0,3297/20130404_200123.jpg,train,3297
7.0,3297/20130409_163119.jpg,train,3297
8.0,3297/20130409_200127.jpg,train,3297
9.0,3297/20130410_190120.jpg,train,3297
9.0,3297/20130411_163120.jpg,train,3297
10.0,3297/20130411_173116.jpg,train,3297
7.0,3297/20130412_163119.jpg,train,3297
9.0,3297/20130418_153114.jpg,train,3297
9.0,3297/20130420_163117.jpg,train,3297
9.0,3297/20130421_180137.jpg,train,3297
9.0,3297/20130421_190133.jpg,train,3297
9.0,3297/20130422_153117.jpg,train,3297
11.0,3297/20130422_200119.jpg,train,3297
10.0,3297/20130423_180129.jpg,train,3297
11.0,3297/20130424_153110.jpg,train,3297
11.0,3297/20130424_180122.jpg,train,3297
11.0,3297/20130425_180139.jpg,train,3297
14.0,3297/20130427_173119.jpg,train,3297
11.0,3297/20130427_180120.jpg,train,3297
9.0,3297/20130429_190137.jpg,train,3297
8.0,3297/20130430_180115.jpg,train,3297
8.0,3297/20130501_180119.jpg,train,3297
12.0,3297/20130502_190117.jpg,train,3297
16.0,3297/20130504_173123.jpg,train,3297
19.0,3297/20130506_190116.jpg,train,3297
17.0,3297/20130507_173116.jpg,train,3297
16.0,3297/20130509_173140.jpg,train,3297
15.0,3297/20130511_200133.jpg,train,3297
11.0,3297/20130515_153115.jpg,train,3297
13.0,3297/20130517_190133.jpg,train,3297
12.0,3297/20130520_183110.jpg,train,3297
11.0,3297/20130522_180125.jpg,train,3297
12.0,3297/20130527_180144.jpg,train,3297
11.0,3297/20130529_153117.jpg,train,3297
11.0,3297/20130529_163116.jpg,train,3297
15.0,3297/20130604_153122.jpg,train,3297
15.0,3297/20130604_190109.jpg,train,3297
17.0,3297/20130604_200115.jpg,train,3297
16.0,3297/20130606_190114.jpg,train,3297
14.0,3297/20130608_190127.jpg,train,3297
13.0,3297/20130612_180116.jpg,train,3297
15.0,3297/20130613_163125.jpg,train,3297
16.0,3297/20130613_200129.jpg,train,3297
18.0,3297/20130616_153114.jpg,train,3297
18.0,3297/20130616_180113.jpg,train,3297
17.0,3297/20130617_153120.jpg,train,3297
17.0,3297/20130617_180126.jpg,train,3297
17.0,3297/20130617_190113.jpg,train,3297
14.0,3297/20130620_190118.jpg,train,3297
14.0,3297/20130627_180125.jpg,train,3297
17.0,3297/20130628_173120.jpg,train,3297
19.0,3297/20130629_163118.jpg,train,3297
17.0,3297/20130704_153118.jpg,train,3297
17.0,3297/20130706_153112.jpg,train,3297
17.0,3297/20130710_190124.jpg,train,3297
17.0,3297/20130713_190132.jpg,train,3297
16.0,3297/20130714_153129.jpg,train,3297
21.0,3297/20130717_163113.jpg,train,3297
20.0,3297/20130717_200119.jpg,train,3297
20.0,3297/20130718_163118.jpg,train,3297
18.0,3297/20130720_153112.jpg,train,3297
19.0,3297/20130720_190124.jpg,train,3297
19.0,3297/20130721_180125.jpg,train,3297
21.0,3297/20130725_200134.jpg,train,3297
18.0,3297/20130726_163120.jpg,train,3297
18.0,3297/20130726_180127.jpg,train,3297
18.0,3297/20130728_190126.jpg,train,3297
21.0,3297/20130729_200134.jpg,train,3297
20.0,3297/20130730_180122.jpg,train,3297
20.0,3297/20130730_190117.jpg,train,3297
21.0,3297/20130801_200126.jpg,train,3297
18.0,3297/20130802_190116.jpg,train,3297
17.0,3297/20130803_153117.jpg,train,3297
20.0,3297/20130806_153120.jpg,train,3297
23.0,3297/20130807_190120.jpg,train,3297
21.0,3297/20130808_163112.jpg,train,3297
21.0,3297/20130809_153123.jpg,train,3297
20.0,3297/20130810_163127.jpg,train,3297
19.0,3297/20130813_180116.jpg,train,3297
19.0,3297/20130813_190126.jpg,train,3297
20.0,3297/20130814_173121.jpg,train,3297
19.0,3297/20130815_163125.jpg,train,3297
19.0,3297/20130815_180118.jpg,train,3297
19.0,3297/20130818_173112.jpg,train,3297
20.0,3297/20130822_190115.jpg,train,3297
19.0,3297/20130824_180122.jpg,train,3297
20.0,3297/20130824_200125.jpg,train,3297
15.0,3297/20130827_200121.jpg,train,3297
16.0,3297/20130828_173114.jpg,train,3297
16.0,3297/20130830_180137.jpg,train,3297
14.0,3297/20130831_153121.jpg,train,3297
18.0,3297/20130901_180122.jpg,train,3297
19.0,3297/20130902_153129.jpg,train,3297
20.0,3297/20130902_173111.jpg,train,3297
17.0,3297/20130903_163117.jpg,train,3297
16.0,3297/20130910_180119.jpg,train,3297
23.0,3297/20130912_173119.jpg,train,3297
15.0,3297/20130918_180118.jpg,train,3297
16.0,3297/20130918_200114.jpg,train,3297
16.0,3297/20130919_163121.jpg,train,3297
13.0,3297/20130922_153117.jpg,train,3297
13.0,3297/20130922_200113.jpg,train,3297
11.0,3297/20130924_153114.jpg,train,3297
12.0,3297/20130926_180121.jpg,train,3297
11.0,3297/20131001_163117.jpg,train,3297
12.0,3297/20131002_190119.jpg,train,3297
11.0,3297/20131008_180129.jpg,train,3297
7.0,3297/20131018_153117.jpg,train,3297
8.0,3297/20131019_200121.jpg,train,3297
11.0,3297/20131101_180113.jpg,train,3297
6.0,3297/20131104_163113.jpg,train,3297
5.0,3297/20131104_180121.jpg,train,3297
6.0,3297/20131105_173115.jpg,train,3297
6.0,3297/20131105_190113.jpg,train,3297
8.0,3297/20131106_200119.jpg,train,3297
10.0,3297/20131107_180115.jpg,train,3297
10.0,3297/20131107_190119.jpg,train,3297
7.0,3297/20131110_180118.jpg,train,3297
9.0,3297/20131114_163119.jpg,train,3297
9.0,3297/20131114_190116.jpg,train,3297
7.0,3297/20131115_200118.jpg,train,3297
8.0,3297/20131116_173118.jpg,train,3297
5.0,3297/20131119_173121.jpg,train,3297
2.0,3297/20131122_153121.jpg,train,3297
4.0,3297/20131124_153123.jpg,train,3297
6.0,3297/20131126_163122.jpg,train,3297
6.0,3297/20131126_190115.jpg,train,3297
8.0,3297/20131201_163108.jpg,train,3297
3.0,3297/20131203_180122.jpg,train,3297
4.0,3297/20131204_173122.jpg,train,3297
1.0,3297/20131204_180111.jpg,train,3297
-2.0,3297/20131206_173113.jpg,train,3297
-1.0,3297/20131208_173118.jpg,train,3297
5.0,3297/20131212_200128.jpg,train,3297
8.0,3297/20131215_180113.jpg,train,3297
1.0,3297/20131219_153120.jpg,train,3297
2.0,3297/20131219_200123.jpg,train,3297
4.0,3297/20131221_163119.jpg,train,3297
3.0,3297/20131222_153111.jpg,train,3297
5.0,3297/20131224_163114.jpg,train,3297
6.0,3297/20131228_173118.jpg,train,3297
7.0,3297/20131230_173118.jpg,train,3297
6.0,3837/20130101_074530.jpg,train,3837
2.0,3837/20130102_074523.jpg,train,3837
4.0,3837/20130102_151530.jpg,train,3837
1.0,3837/20130103_131528.jpg,train,3837
4.0,3837/20130104_124528.jpg,train,3837
9.0,3837/20130105_125218.jpg,train,3837
3.0,3837/20130107_092221.jpg,train,3837
-2.0,3837/20130109_141524.jpg,train,3837
2.0,3837/20130110_151523.jpg,train,3837
4.0,3837/20130112_124539.jpg,train,3837
1.0,3837/20130114_092218.jpg,train,3837
-1.0,3837/20130115_141527.jpg,train,3837
-3.0,3837/20130119_105212.jpg,train,3837
0.0,3837/20130121_105213.jpg,train,3837
0.0,3837/20130121_131527.jpg,train,3837
4.0,3837/20130122_151525.jpg,train,3837
-1.0,3837/20130123_124532.jpg,train,3837
-1.0,3837/20130125_131532.jpg,train,3837
-4.0,3837/20130126_115222.jpg,train,3837
0.0,3837/20130127_125223.jpg,train,3837
0.0,3837/20130127_151527.jpg,train,3837
4.0,3837/20130128_102218.jpg,train,3837
5.0,3837/20130128_142222.jpg,train,3837
7.0,3837/20130201_141533.jpg,train,3837
6.0,3837/20130205_102223.jpg,train,3837
6.0,3837/20130205_115217.jpg,train,3837
-3.0,3837/20130211_084520.jpg,train,3837
-1.0,3837/20130212_151526.jpg,train,3837
-7.0,3837/20130214_074525.jpg,train,3837
2.0,3837/20130217_124528.jpg,train,3837
-2.0,3837/20130219_105228.jpg,train,3837
-3.0,3837/20130223_151522.jpg,train,3837
-3.0,3837/20130224_115216.jpg,train,3837
0.0,3837/20130227_084533.jpg,train,3837
0.0,3837/20130302_091530.jpg,train,3837
0.0,3837/20130302_105223.jpg,train,3837
1.0,3837/20130303_142212.jpg,train,3837
4.0,3837/20130304_125220.jpg,train,3837
3.0,3837/20130304_141529.jpg,train,3837
9.0,3837/20130312_124529.jpg,train,3837
-0.0,3837/20130314_074529.jpg,train,3837
-1.0,3837/20130314_084531.jpg,train,3837
0.0,3837/20130316_092221.jpg,train,3837
2.0,3837/20130316_102220.jpg,train,3837
3.0,3837/20130318_142217.jpg,train,3837
8.0,3837/20130321_092216.jpg,train,3837
3.0,3837/20130324_125218.jpg,train,3837
3.0,3837/20130324_141535.jpg,train,3837
1.0,3837/20130325_142218.jpg,train,3837
1.0,3837/20130327_141527.jpg,train,3837
3.0,3837/20130327_142223.jpg,train,3837
2.0,3837/20130328_092218.jpg,train,3837
1.0,3837/20130329_151532.jpg,train,3837
3.0,3837/20130330_105218.jpg,train,3837
2.0,3837/20130331_064530.jpg,train,3837
2.0,3837/20130401_105214.jpg,train,3837
4.0,3837/20130402_102212.jpg,train,3837
5.0,3837/20130402_151527.jpg,train,3837
4.0,3837/20130403_105216.jpg,train,3837
5.0,3837/20130403_141535.jpg,train,3837
4.0,3837/20130404_141528.jpg,train,3837
7.0,3837/20130406_141525.jpg,train,3837
5.0,3837/20130407_105213.jpg,train,3837
4.0,3837/20130408_131531.jpg,train,3837
10.0,3837/20130412_064530.jpg,train,3837
16.0,3837/20130415_105221.jpg,train,3837
17.0,3837/20130416_064530.jpg,train,3837
16.0,3837/20130417_131528.jpg,train,3837
22.0,3837/20130418_151537.jpg,train,3837
9.0,3837/20130419_105221.jpg,train,3837
5.0,3837/20130420_084526.jpg,train,3837
9.0,3837/20130421_102225.jpg,train,3837
11.0,3837/20130430_082213.jpg,train,3837
12.0,3837/20130430_102220.jpg,train,3837
15.0,3837/20130501_151531.jpg,train,3837
15.0,3837/20130502_064533.jpg,train,3837
11.0,3837/20130503_125224.jpg,train,3837
17.0,3837/20130507_141525.jpg,train,3837
16.0,3837/20130509_084524.jpg,train,3837
12.0,3837/20130511_131524.jpg,train,3837
12.0,3837/20130520_105217.jpg,train,3837
17.0,3837/20130607_064521.jpg,train,3837
18.0,3837/20130611_151530.jpg,train,3837
22.0,3837/20130613_084540.jpg,train,3837
17.0,3837/20130614_125209.jpg,train,3837
26.0,3837/20130617_115219.jpg,train,3837
27.0,3837/20130617_125219.jpg,train,3837
26.0,3837/20130619_102214.jpg,train,3837
19.0,3837/20130621_105211.jpg,train,3837
13.0,3837/20130624_115226.jpg,train,3837
12.0,3837/20130629_082219.jpg,train,3837
13.0,3837/20130629_125217.jpg,train,3837
19.0,3837/20130630_151526.jpg,train,3837
17.0,3837/20130704_082214.jpg,train,3837
23.0,3837/20130706_125219.jpg,train,3837
22.0,3837/20130708_131530.jpg,train,3837
23.0,3837/20130709_084523.jpg,train,3837
22.0,3837/20130713_115218.jpg,train,3837
25.0,3837/20130714_151520.jpg,train,3837
20.0,3837/20130716_064530.jpg,train,3837
20.0,3837/20130717_082219.jpg,train,3837
22.0,3837/20130718_084534.jpg,train,3837
20.0,3837/20130719_082217.jpg,train,3837
22.0,3837/20130719_102217.jpg,train,3837
22.0,3837/20130721_091523.jpg,train,3837
26.0,3837/20130721_101525.jpg,train,3837
27.0,3837/20130722_124531.jpg,train,3837
26.0,3837/20130727_105214.jpg,train,3837
26.0,3837/20130728_064528.jpg,train,3837
16.0,3837/20130729_124524.jpg,train,3837
20.0,3837/20130807_131522.jpg,train,3837
18.0,3837/20130808_064523.jpg,train,3837
18.0,3837/20130808_082213.jpg,train,3837
19.0,3837/20130808_084531.jpg,train,3837
21.0,3837/20130810_084529.jpg,train,3837
20.0,3837/20130811_105211.jpg,train,3837
22.0,3837/20130811_141524.jpg,train,3837
23.0,3837/20130813_102211.jpg,train,3837
19.0,3837/20130815_084526.jpg,train,3837
19.0,3837/20130815_102222.jpg,train,3837
18.0,3837/20130815_105212.jpg,train,3837
21.0,3837/20130816_115215.jpg,train,3837
17.0,3837/20130821_105214.jpg,train,3837
20.0,3837/20130822_102215.jpg,train,3837
18.0,3837/20130822_105226.jpg,train,3837
16.0,3837/20130827_082221.jpg,train,3837
18.0,3837/20130827_105223.jpg,train,3837
17.0,3837/20130827_115211.jpg,train,3837
15.0,3837/20130830_082221.jpg,train,3837
19.0,3837/20130830_102220.jpg,train,3837
22.0,3837/20130831_115223.jpg,train,3837
14.0,3837/20130903_082211.jpg,train,3837
19.0,3837/20130908_115224.jpg,train,3837
20.0,3837/20130908_125216.jpg,train,3837
18.0,3837/20130909_125218.jpg,train,3837
16.0,3837/20130910_102216.jpg,train,3837
14.0,3837/20130911_115212.jpg,train,3837
14.0,3837/20130911_142215.jpg,train,3837
18.0,3837/20130915_125220.jpg,train,3837
12.0,3837/20130916_082222.jpg,train,3837
10.0,3837/20130917_082225.jpg,train,3837
16.0,3837/20130918_102218.jpg,train,3837
20.0,3837/20130925_125220.jpg,train,3837
15.0,3837/20130927_082217.jpg,train,3837
14.0,3837/20130930_115219.jpg,train,3837
13.0,3837/20131001_082209.jpg,train,3837
15.0,3837/20131001_115220.jpg,train,3837
13.0,3837/20131002_105218.jpg,train,3837
13.0,3837/20131003_115214.jpg,train,3837
15.0,3837/20131004_105219.jpg,train,3837
15.0,3837/20131006_115213.jpg,train,3837
12.0,3837/20131007_082217.jpg,train,3837
13.0,3837/20131007_105219.jpg,train,3837
14.0,3837/20131008_102218.jpg,train,3837
10.0,3837/20131013_125222.jpg,train,3837
11.0,3837/20131014_102212.jpg,train,3837
11.0,3837/20131024_105220.jpg,train,3837
12.0,3837/20131029_115211.jpg,train,3837
12.0,3837/20131030_142211.jpg,train,3837
10.0,3837/20131031_125223.jpg,train,3837
9.0,3837/20131101_102218.jpg,train,3837
9.0,3837/20131101_125215.jpg,train,3837
17.0,3837/20131102_142214.jpg,train,3837
10.0,3837/20131103_125216.jpg,train,3837
10.0,3837/20131103_142218.jpg,train,3837
8.0,3837/20131104_102212.jpg,train,3837
15.0,3837/20131106_125219.jpg,train,3837
11.0,3837/20131109_142214.jpg,train,3837
9.0,3837/20131110_102213.jpg,train,3837
6.0,3837/20131111_092220.jpg,train,3837
6.0,3837/20131112_142217.jpg,train,3837
6.0,3837/20131113_102215.jpg,train,3837
3.0,3837/20131120_092230.jpg,train,3837
4.0,3837/20131123_142219.jpg,train,3837
5.0,3837/20131124_105224.jpg,train,3837
1.0,3837/20131126_125224.jpg,train,3837
-1.0,3837/20131127_105221.jpg,train,3837
-2.0,3837/20131128_075222.jpg,train,3837
2.0,3837/20131129_125224.jpg,train,3837
2.0,3837/20131202_105222.jpg,train,3837
-1.0,3837/20131203_105222.jpg,train,3837
-2.0,3837/20131204_102217.jpg,train,3837
0.0,3837/20131205_105215.jpg,train,3837
1.0,3837/20131205_115225.jpg,train,3837
-1.0,3837/20131209_125218.jpg,train,3837
-2.0,3837/20131210_125216.jpg,train,3837
-3.0,3837/20131211_125221.jpg,train,3837
-1.0,3837/20131215_092217.jpg,train,3837
-1.0,3837/20131215_102214.jpg,train,3837
-1.0,3837/20131215_115212.jpg,train,3837
-2.0,3837/20131216_115216.jpg,train,3837
0.0,3837/20131218_125215.jpg,train,3837
1.0,3837/20131219_115214.jpg,train,3837
10.0,3837/20131223_115213.jpg,train,3837
12.0,3837/20131224_092221.jpg,train,3837
3.0,3837/20131226_092211.jpg,train,3837
3.0,3837/20131226_115213.jpg,train,3837
3.0,3837/20131226_125216.jpg,train,3837
1.0,3837/20131227_082214.jpg,train,3837
2.0,3837/20131228_092221.jpg,train,3837
-1.0,3837/20131231_082218.jpg,train,3837
6.0,3837/20140102_115225.jpg,train,3837
2.0,3837/20140103_105216.jpg,train,3837
4.0,3837/20140104_092218.jpg,train,3837
3.0,3837/20140106_115209.jpg,train,3837
5.0,3837/20140113_125258.jpg,train,3837
6.0,3837/20140114_125220.jpg,train,3837
4.0,3837/20140116_102259.jpg,train,3837
5.0,3837/20140116_125258.jpg,train,3837
5.0,3837/20140123_115222.jpg,train,3837
-1.0,3837/20140125_105234.jpg,train,3837
5.0,3837/20140126_105219.jpg,train,3837
4.0,3837/20140127_082252.jpg,train,3837
-1.0,3837/20140130_092222.jpg,train,3837
0.0,3837/20140130_115212.jpg,train,3837
0.0,3837/20140131_115224.jpg,train,3837
3.0,3837/20140203_102210.jpg,train,3837
2.0,3837/20140204_082211.jpg,train,3837
3.0,3837/20140204_125224.jpg,train,3837
3.0,3837/20140205_115227.jpg,train,3837
8.0,3837/20140212_125213.jpg,train,3837
5.0,3837/20140214_092221.jpg,train,3837
4.0,3837/20140214_105220.jpg,train,3837
4.0,3837/20140217_115224.jpg,train,3837
2.0,3837/20140218_125225.jpg,train,3837
5.0,3837/20140219_125219.jpg,train,3837
7.0,3837/20140220_102218.jpg,train,3837
5.0,3837/20140221_082216.jpg,train,3837
6.0,3837/20140228_105228.jpg,train,3837
5.0,3837/20140303_102215.jpg,train,3837
7.0,3837/20140305_105222.jpg,train,3837
7.0,3837/20140306_115214.jpg,train,3837
11.0,3837/20140308_115215.jpg,train,3837
14.0,3837/20140317_102218.jpg,train,3837
16.0,3837/20140318_125229.jpg,train,3837
12.0,3837/20140319_102215.jpg,train,3837
13.0,3837/20140319_125211.jpg,train,3837
10.0,3837/20140320_082218.jpg,train,3837
9.0,3837/20140322_115226.jpg,train,3837
3.0,3837/20140323_092228.jpg,train,3837
4.0,3837/20140324_125218.jpg,train,3837
12.0,3837/20140328_125218.jpg,train,3837
12.0,3837/20140329_102219.jpg,train,3837
9.0,3837/20140401_082217.jpg,train,3837
14.0,3837/20140402_102215.jpg,train,3837
13.0,3837/20140404_082217.jpg,train,3837
15.0,3837/20140405_085217.jpg,train,3837
12.0,3837/20140406_082213.jpg,train,3837
12.0,3837/20140408_115213.jpg,train,3837
10.0,3837/20140410_105216.jpg,train,3837
14.0,3837/20140411_102223.jpg,train,3837
14.0,3837/20140413_105220.jpg,train,3837
14.0,3837/20140414_102217.jpg,train,3837
11.0,3837/20140416_125213.jpg,train,3837
9.0,3837/20140417_102216.jpg,train,3837
10.0,3837/20140418_092228.jpg,train,3837
11.0,3837/20140418_102213.jpg,train,3837
10.0,3837/20140420_102217.jpg,train,3837
13.0,3837/20140422_092218.jpg,train,3837
18.0,3837/20140423_125213.jpg,train,3837
17.0,3837/20140424_125218.jpg,train,3837
16.0,3837/20140425_115215.jpg,train,3837
8.0,3837/20140428_115222.jpg,train,3837
10.0,3837/20140429_102223.jpg,train,3837
9.0,3837/20140503_085221.jpg,train,3837
9.0,3837/20140503_102223.jpg,train,3837
9.0,3837/20140504_102216.jpg,train,3837
12.0,3837/20140505_102220.jpg,train,3837
11.0,3837/20140507_105211.jpg,train,3837
14.0,3837/20140507_125216.jpg,train,3837
16.0,3837/20140508_105215.jpg,train,3837
15.0,3837/20140508_115215.jpg,train,3837
16.0,3837/20140508_125214.jpg,train,3837
17.0,3837/20140509_125213.jpg,train,3837
11.0,3837/20140511_082220.jpg,train,3837
10.0,3837/20140512_092219.jpg,train,3837
10.0,3837/20140514_102215.jpg,train,3837
18.0,3837/20140519_092216.jpg,train,3837
19.0,3837/20140520_102222.jpg,train,3837
20.0,3837/20140520_115218.jpg,train,3837
15.0,3837/20140523_102216.jpg,train,3837
14.0,3837/20140526_105220.jpg,train,3837
14.0,3837/20140526_115230.jpg,train,3837
16.0,3837/20140528_125221.jpg,train,3837
16.0,3837/20140529_105222.jpg,train,3837
18.0,3837/20140530_115224.jpg,train,3837
16.0,3837/20140604_125215.jpg,train,3837
14.0,3837/20140605_082223.jpg,train,3837
16.0,3837/20140605_115215.jpg,train,3837
20.0,3837/20140607_082223.jpg,train,3837
26.0,3837/20140608_102211.jpg,train,3837
25.0,3837/20140610_075233.jpg,train,3837
23.0,3837/20140611_105212.jpg,train,3837
24.0,3837/20140613_102220.jpg,train,3837
19.0,3837/20140616_105214.jpg,train,3837
18.0,3837/20140618_092225.jpg,train,3837
19.0,3837/20140619_105224.jpg,train,3837
15.0,3837/20140624_105218.jpg,train,3837
24.0,3837/20140627_125214.jpg,train,3837
16.0,3837/20140629_125218.jpg,train,3837
19.0,3837/20140701_102225.jpg,train,3837
15.0,3837/20140702_092231.jpg,train,3837
16.0,3837/20140703_082217.jpg,train,3837
18.0,3837/20140703_125232.jpg,train,3837
21.0,3837/20140704_102227.jpg,train,3837
18.0,3837/20140707_082217.jpg,train,3837
22.0,3837/20140707_125220.jpg,train,3837
14.0,3837/20140709_102213.jpg,train,3837
17.0,3837/20140711_092219.jpg,train,3837
21.0,3837/20140712_125222.jpg,train,3837
19.0,3837/20140713_092216.jpg,train,3837
19.0,3837/20140714_075217.jpg,train,3837
23.0,3837/20140718_092224.jpg,train,3837
19.0,3837/20140722_115229.jpg,train,3837
18.0,3837/20140803_125217.jpg,train,3837
18.0,3837/20140804_082228.jpg,train,3837
20.0,3837/20140804_105219.jpg,train,3837
21.0,3837/20140804_115214.jpg,train,3837
18.0,3837/20140806_082228.jpg,train,3837
21.0,3837/20140806_125220.jpg,train,3837
23.0,3837/20140808_125218.jpg,train,3837
23.0,3837/20140809_102218.jpg,train,3837
19.0,3837/20140811_092222.jpg,train,3837
16.0,3837/20140814_092221.jpg,train,3837
17.0,3837/20140814_125223.jpg,train,3837
12.0,3837/20140815_092221.jpg,train,3837
21.0,3837/20140818_085218.jpg,train,3837
21.0,3837/20140818_115228.jpg,train,3837
15.0,3837/20140820_082214.jpg,train,3837
17.0,3837/20140822_102223.jpg,train,3837
16.0,3837/20140826_102225.jpg,train,3837
20.0,3837/20140827_085220.jpg,train,3837
21.0,3837/20140829_115217.jpg,train,3837
20.0,3837/20140831_115221.jpg,train,3837
14.0,3837/20140901_082221.jpg,train,3837
18.0,3837/20140904_102224.jpg,train,3837
18.0,3837/20140905_092216.jpg,train,3837
21.0,3837/20140908_092224.jpg,train,3837
20.0,3837/20140909_105225.jpg,train,3837
15.0,3837/20140912_105221.jpg,train,3837
17.0,3837/20140915_102219.jpg,train,3837
18.0,3837/20140918_115223.jpg,train,3837
17.0,3837/20140919_102219.jpg,train,3837
15.0,3837/20140922_092222.jpg,train,3837
13.0,3837/20140923_115218.jpg,train,3837
14.0,3837/20140924_102223.jpg,train,3837
15.0,3837/20140926_125223.jpg,train,3837
16.0,3837/20140929_105232.jpg,train,3837
20.0,3837/20140929_125222.jpg,train,3837
17.0,3837/20140930_102218.jpg,train,3837
15.0,3837/20141001_082212.jpg,train,3837
17.0,3837/20141001_105220.jpg,train,3837
14.0,3837/20141002_082226.jpg,train,3837
16.0,3837/20141006_125216.jpg,train,3837
16.0,3837/20141007_115216.jpg,train,3837
16.0,3837/20141010_102223.jpg,train,3837
16.0,3837/20141010_115235.jpg,train,3837
10.0,3888/20130101_074230.jpg,train,3888
18.0,3888/20130105_084228.jpg,train,3888
21.0,3888/20130106_114223.jpg,train,3888
20.0,3888/20130107_091353.jpg,train,3888
5.0,3888/20130109_094350.jpg,train,3888
7.0,3888/20130109_104230.jpg,train,3888
8.0,3888/20130109_111350.jpg,train,3888
4.0,3888/20130116_091223.jpg,train,3888
4.0,3888/20130116_094229.jpg,train,3888
6.0,3888/20130117_111349.jpg,train,3888
5.0,3888/20130119_104226.jpg,train,3888
10.0,3888/20130121_104401.jpg,train,3888
6.0,3888/20130126_114355.jpg,train,3888
10.0,3888/20130128_101356.jpg,train,3888
13.0,3888/20130129_101231.jpg,train,3888
14.0,3888/20130130_104351.jpg,train,3888
15.0,3888/20130131_111227.jpg,train,3888
8.0,3888/20130202_091227.jpg,train,3888
9.0,3888/20130202_101228.jpg,train,3888
15.0,3888/20130205_101223.jpg,train,3888
15.0,3888/20130205_111402.jpg,train,3888
16.0,3888/20130205_114228.jpg,train,3888
10.0,3888/20130206_114349.jpg,train,3888
7.0,3888/20130208_114225.jpg,train,3888
10.0,3888/20130213_094223.jpg,train,3888
9.0,3888/20130213_104353.jpg,train,3888
11.0,3888/20130214_094401.jpg,train,3888
13.0,3888/20130214_111402.jpg,train,3888
11.0,3888/20130215_111227.jpg,train,3888
9.0,3888/20130218_091351.jpg,train,3888
13.0,3888/20130219_104355.jpg,train,3888
8.0,3888/20130222_114225.jpg,train,3888
2.0,3888/20130223_111224.jpg,train,3888
3.0,3888/20130224_114351.jpg,train,3888
10.0,3888/20130302_091228.jpg,train,3888
15.0,3888/20130302_104349.jpg,train,3888
8.0,3888/20130303_111350.jpg,train,3888
8.0,3888/20130303_114356.jpg,train,3888
11.0,3888/20130305_111235.jpg,train,3888
15.0,3888/20130310_114402.jpg,train,3888
5.0,3888/20130314_091228.jpg,train,3888
7.0,3888/20130316_091355.jpg,train,3888
11.0,3888/20130316_101355.jpg,train,3888
14.0,3888/20130317_094356.jpg,train,3888
12.0,3888/20130319_101222.jpg,train,3888
11.0,3888/20130320_091231.jpg,train,3888
13.0,3888/20130321_091351.jpg,train,3888
12.0,3888/20130323_094221.jpg,train,3888
13.0,3888/20130323_111229.jpg,train,3888
13.0,3888/20130323_111352.jpg,train,3888
13.0,3888/20130326_101224.jpg,train,3888
13.0,3888/20130326_101359.jpg,train,3888
13.0,3888/20130328_094226.jpg,train,3888
14.0,3888/20130330_104400.jpg,train,3888
7.0,3888/20130401_104358.jpg,train,3888
7.0,3888/20130401_111228.jpg,train,3888
15.0,3888/20130402_101402.jpg,train,3888
14.0,3888/20130403_104356.jpg,train,3888
9.0,3888/20130406_111231.jpg,train,3888
11.0,3888/20130407_104356.jpg,train,3888
12.0,3888/20130409_091227.jpg,train,3888
17.0,3888/20130410_111225.jpg,train,3888
12.0,3888/20130411_084231.jpg,train,3888
12.0,3888/20130411_094349.jpg,train,3888
16.0,3888/20130412_091229.jpg,train,3888
16.0,3888/20130415_104401.jpg,train,3888
18.0,3888/20130416_091358.jpg,train,3888
22.0,3888/20130417_104227.jpg,train,3888
11.0,3888/20130419_101220.jpg,train,3888
12.0,3888/20130419_104404.jpg,train,3888
15.0,3888/20130421_101355.jpg,train,3888
16.0,3888/20130421_111221.jpg,train,3888
18.0,3888/20130423_111221.jpg,train,3888
17.0,3888/20130424_101218.jpg,train,3888
17.0,3888/20130424_104228.jpg,train,3888
17.0,3888/20130425_101228.jpg,train,3888
17.0,3888/20130426_111221.jpg,train,3888
9.0,3888/20130429_114224.jpg,train,3888
12.0,3888/20130430_101356.jpg,train,3888
16.0,3888/20130501_104220.jpg,train,3888
19.0,3888/20130502_111231.jpg,train,3888
18.0,3888/20130504_094355.jpg,train,3888
21.0,3888/20130505_104230.jpg,train,3888
23.0,3888/20130506_094223.jpg,train,3888
25.0,3888/20130506_114229.jpg,train,3888
21.0,3888/20130508_091350.jpg,train,3888
22.0,3888/20130509_101223.jpg,train,3888
23.0,3888/20130509_111357.jpg,train,3888
16.0,3888/20130510_114235.jpg,train,3888
16.0,3888/20130511_101403.jpg,train,3888
12.0,3888/20130516_094229.jpg,train,3888
13.0,3888/20130524_104234.jpg,train,3888
15.0,3888/20130527_091226.jpg,train,3888
15.0,3888/20130529_094224.jpg,train,3888
14.0,3888/20130530_094222.jpg,train,3888
21.0,3888/20130605_111229.jpg,train,3888
19.0,3888/20130606_094224.jpg,train,3888
20.0,3888/20130606_111228.jpg,train,3888
20.0,3888/20130608_111401.jpg,train,3888
19.0,3888/20130610_111234.jpg,train,3888
28.0,3888/20130612_101359.jpg,train,3888
28.0,3888/20130613_094220.jpg,train,3888
23.0,3888/20130614_104353.jpg,train,3888
24.0,3888/20130616_111230.jpg,train,3888
24.0,3888/20130617_114355.jpg,train,3888
23.0,3888/20130619_101221.jpg,train,3888
19.0,3888/20130620_101410.jpg,train,3888
23.0,3888/20130621_104358.jpg,train,3888
21.0,3888/20130623_104232.jpg,train,3888
18.0,3888/20130624_094227.jpg,train,3888
18.0,3888/20130624_101352.jpg,train,3888
19.0,3888/20130624_104403.jpg,train,3888
20.0,3888/20130625_094236.jpg,train,3888
24.0,3888/20130627_111401.jpg,train,3888
22.0,3888/20130628_094350.jpg,train,3888
24.0,3888/20130628_114352.jpg,train,3888
27.0,3888/20130705_091224.jpg,train,3888
27.0,3888/20130710_114230.jpg,train,3888
28.0,3888/20130713_111224.jpg,train,3888
29.0,3888/20130713_114350.jpg,train,3888
30.0,3888/20130714_104355.jpg,train,3888
27.0,3888/20130721_101231.jpg,train,3888
28.0,3888/20130721_104404.jpg,train,3888
29.0,3888/20130724_091231.jpg,train,3888
31.0,3888/20130724_114356.jpg,train,3888
29.0,3888/20130726_101244.jpg,train,3888
30.0,3888/20130727_094222.jpg,train,3888
30.0,3888/20130727_104224.jpg,train,3888
29.0,3888/20130728_111226.jpg,train,3888
27.0,3888/20130730_101229.jpg,train,3888
28.0,3888/20130730_111354.jpg,train,3888
31.0,3888/20130731_104229.jpg,train,3888
29.0,3888/20130802_111353.jpg,train,3888
27.0,3888/20130806_074232.jpg,train,3888
27.0,3888/20130806_101354.jpg,train,3888
24.0,3888/20130807_094400.jpg,train,3888
23.0,3888/20130810_091227.jpg,train,3888
28.0,3888/20130811_104356.jpg,train,3888
27.0,3888/20130813_091231.jpg,train,3888
28.0,3888/20130815_114351.jpg,train,3888
26.0,3888/20130816_114233.jpg,train,3888
19.0,3888/20130817_094359.jpg,train,3888
27.0,3888/20130818_091226.jpg,train,3888
29.0,3888/20130818_101350.jpg,train,3888
27.0,3888/20130819_091356.jpg,train,3888
27.0,3888/20130819_094358.jpg,train,3888
27.0,3888/20130821_094232.jpg,train,3888
28.0,3888/20130821_104226.jpg,train,3888
25.0,3888/20130823_091229.jpg,train,3888
29.0,3888/20130823_111228.jpg,train,3888
24.0,3888/20130824_094223.jpg,train,3888
22.0,3888/20130826_094234.jpg,train,3888
24.0,3888/20130826_121228.jpg,train,3888
22.0,3888/20130827_094224.jpg,train,3888
25.0,3888/20130829_094226.jpg,train,3888
25.0,3888/20130901_091228.jpg,train,3888
24.0,3888/20130902_091218.jpg,train,3888
23.0,3888/20130906_091223.jpg,train,3888
24.0,3888/20130908_114226.jpg,train,3888
23.0,3888/20130909_114227.jpg,train,3888
22.0,3888/20130910_094227.jpg,train,3888
20.0,3888/20130910_104230.jpg,train,3888
18.0,3888/20130911_091219.jpg,train,3888
21.0,3888/20130911_114229.jpg,train,3888
20.0,3888/20130912_094233.jpg,train,3888
21.0,3888/20130913_091221.jpg,train,3888
21.0,3888/20130916_101220.jpg,train,3888
23.0,3888/20130916_104227.jpg,train,3888
23.0,3888/20130916_114234.jpg,train,3888
16.0,3888/20130917_094221.jpg,train,3888
24.0,3888/20130918_101222.jpg,train,3888
19.0,3888/20130919_091224.jpg,train,3888
21.0,3888/20130919_114222.jpg,train,3888
22.0,3888/20131022_114225.jpg,train,3888
21.0,3888/20131025_091221.jpg,train,3888
23.0,3888/20131025_101228.jpg,train,3888
21.0,3888/20131028_114225.jpg,train,3888
16.0,3888/20131029_111225.jpg,train,3888
17.0,3888/20131101_101232.jpg,train,3888
17.0,3888/20131103_111228.jpg,train,3888
15.0,3888/20131104_084229.jpg,train,3888
15.0,3888/20131104_101225.jpg,train,3888
13.0,3888/20131105_101223.jpg,train,3888
15.0,3888/20131105_114223.jpg,train,3888
19.0,3888/20131110_101224.jpg,train,3888
14.0,3888/20131111_094230.jpg,train,3888
17.0,3888/20131113_101220.jpg,train,3888
17.0,3888/20131113_104230.jpg,train,3888
13.0,3888/20131114_111222.jpg,train,3888
9.0,3888/20131116_101227.jpg,train,3888
10.0,3888/20131116_131228.jpg,train,3888
10.0,3888/20131119_094227.jpg,train,3888
6.0,3888/20131120_091232.jpg,train,3888
9.0,3888/20131124_111229.jpg,train,3888
10.0,3888/20131125_111225.jpg,train,3888
8.0,3888/20131126_111223.jpg,train,3888
8.0,3888/20131127_111224.jpg,train,3888
10.0,3888/20131130_084219.jpg,train,3888
8.0,3888/20131202_104225.jpg,train,3888
12.0,3888/20131203_101228.jpg,train,3888
15.0,3888/20131204_101226.jpg,train,3888
9.0,3888/20131206_094224.jpg,train,3888
13.0,3888/20131207_094220.jpg,train,3888
11.0,3888/20131208_101232.jpg,train,3888
8.0,3888/20131215_091222.jpg,train,3888
10.0,3888/20131215_101225.jpg,train,3888
13.0,3888/20131215_114227.jpg,train,3888
12.0,3888/20131216_111226.jpg,train,3888
6.0,3888/20131223_091227.jpg,train,3888
7.0,3888/20131223_094222.jpg,train,3888
10.0,3888/20131225_091222.jpg,train,3888
15.0,3888/20131225_114227.jpg,train,3888
7.0,3888/20131227_091218.jpg,train,3888
8.0,3888/20131227_094227.jpg,train,3888
14.0,3888/20131228_114221.jpg,train,3888
11.0,3888/20131229_094229.jpg,train,3888
6.0,3888/20131231_094220.jpg,train,3888
8.0,3888/20131231_111237.jpg,train,3888
9.0,4795/20121101_150420.jpg,train,4795
8.0,4795/20121102_130415.jpg,train,4795
8.0,4795/20121104_130415.jpg,train,4795
8.0,4795/20121107_063418.jpg,train,4795
9.0,4795/20121109_103424.jpg,train,4795
8.0,4795/20121110_103415.jpg,train,4795
10.0,4795/20121111_140430.jpg,train,4795
-1.0,4795/20121115_150422.jpg,train,4795
4.0,4795/20121118_063424.jpg,train,4795
7.0,4795/20121124_130427.jpg,train,4795
8.0,4795/20121126_093420.jpg,train,4795
7.0,4795/20121127_130419.jpg,train,4795
2.0,4795/20121129_073423.jpg,train,4795
1.0,4795/20121130_140418.jpg,train,4795
-1.0,4795/20121201_063416.jpg,train,4795
-0.0,4795/20121201_073424.jpg,train,4795
0.0,4795/20121202_150420.jpg,train,4795
1.0,4795/20121203_150416.jpg,train,4795
0.0,4795/20121205_150415.jpg,train,4795
-2.0,4795/20121207_140428.jpg,train,4795
-9.0,4795/20121208_130421.jpg,train,4795
-3.0,4795/20121209_063425.jpg,train,4795
0.0,4795/20121210_130420.jpg,train,4795
-4.0,4795/20121213_110444.jpg,train,4795
-4.0,4795/20121213_130426.jpg,train,4795
6.0,4795/20121215_140419.jpg,train,4795
6.0,4795/20121217_140418.jpg,train,4795
3.0,4795/20121219_140421.jpg,train,4795
1.0,4795/20121220_063417.jpg,train,4795
8.0,4795/20121224_083424.jpg,train,4795
11.0,4795/20121225_130424.jpg,train,4795
8.0,4795/20121227_150425.jpg,train,4795
-0.0,4795/20121228_063417.jpg,train,4795
8.0,4795/20121230_130415.jpg,train,4795
8.0,4795/20121231_103423.jpg,train,4795
6.0,4795/20130101_063427.jpg,train,4795
3.0,4795/20130102_063426.jpg,train,4795
5.0,4795/20130102_140423.jpg,train,4795
5.0,4795/20130102_150422.jpg,train,4795
9.0,4795/20130104_110433.jpg,train,4795
7.0,4795/20130105_063422.jpg,train,4795
8.0,4795/20130105_140418.jpg,train,4795
6.0,4795/20130107_083416.jpg,train,4795
6.0,4795/20130107_140421.jpg,train,4795
6.0,4795/20130109_150425.jpg,train,4795
3.0,4795/20130110_140421.jpg,train,4795
-2.0,4795/20130111_130425.jpg,train,4795
-6.0,4795/20130114_073417.jpg,train,4795
-10.0,4795/20130115_150426.jpg,train,4795
-4.0,4795/20130116_140416.jpg,train,4795
0.0,4795/20130127_130427.jpg,train,4795
0.0,4795/20130127_140430.jpg,train,4795
2.0,4795/20130128_130416.jpg,train,4795
5.0,4795/20130129_083424.jpg,train,4795
10.0,4795/20130130_100434.jpg,train,4795
7.0,4795/20130131_093414.jpg,train,4795
1.0,4795/20130202_073431.jpg,train,4795
3.0,4795/20130202_083427.jpg,train,4795
1.0,4795/20130202_130421.jpg,train,4795
0.0,4795/20130207_150417.jpg,train,4795
-2.0,4795/20130209_150423.jpg,train,4795
-5.0,4795/20130211_073424.jpg,train,4795
-3.0,4795/20130212_140415.jpg,train,4795
-3.0,4795/20130213_073419.jpg,train,4795
-5.0,4795/20130214_083422.jpg,train,4795
-3.0,4795/20130214_150421.jpg,train,4795
-1.0,4795/20130215_083428.jpg,train,4795
2.0,4795/20130216_140419.jpg,train,4795
1.0,4795/20130217_150429.jpg,train,4795
-1.0,4795/20130218_063419.jpg,train,4795
-0.0,4795/20130218_073423.jpg,train,4795
0.0,4795/20130218_140425.jpg,train,4795
0.0,4795/20130219_150418.jpg,train,4795
-6.0,4795/20130223_140421.jpg,train,4795
0.0,4795/20130226_150417.jpg,train,4795
-1.0,4795/20130227_130418.jpg,train,4795
0.0,4795/20130228_140416.jpg,train,4795
1.0,4795/20130302_150425.jpg,train,4795
2.0,4795/20130305_140422.jpg,train,4795
3.0,4795/20130307_063420.jpg,train,4795
3.0,4795/20130308_063425.jpg,train,4795
-6.0,4795/20130314_063419.jpg,train,4795
-1.0,4795/20130316_083418.jpg,train,4795
2.0,4795/20130317_140423.jpg,train,4795
3.0,4795/20130318_130421.jpg,train,4795
2.0,4795/20130319_150422.jpg,train,4795
0.0,4795/20130320_130419.jpg,train,4795
0.0,4795/20130320_150419.jpg,train,4795
-1.0,4795/20130321_073426.jpg,train,4795
0.0,4795/20130321_150419.jpg,train,4795
-6.0,4795/20130323_093415.jpg,train,4795
-7.0,4795/20130324_130416.jpg,train,4795
21.0,5020/20130610_114536.jpg,train,5020
18.0,5020/20130612_114548.jpg,train,5020
18.0,5020/20130612_151537.jpg,train,5020
15.0,5020/20130613_124535.jpg,train,5020
20.0,5020/20130614_114543.jpg,train,5020
16.0,5020/20130614_121539.jpg,train,5020
17.0,5020/20130615_104530.jpg,train,5020
17.0,5020/20130615_114530.jpg,train,5020
15.0,5020/20130617_104542.jpg,train,5020
16.0,5020/20130618_104527.jpg,train,5020
15.0,5020/20130619_104532.jpg,train,5020
17.0,5020/20130621_141533.jpg,train,5020
16.0,5020/20130624_141540.jpg,train,5020
9.0,5020/20130627_131657.jpg,train,5020
20.0,5020/20130629_114554.jpg,train,5020
22.0,5020/20130704_104534.jpg,train,5020
25.0,5020/20130705_114534.jpg,train,5020
24.0,5020/20130706_094532.jpg,train,5020
22.0,5020/20130706_154527.jpg,train,5020
19.0,5020/20130711_094533.jpg,train,5020
19.0,5020/20130713_141535.jpg,train,5020
19.0,5020/20130714_094526.jpg,train,5020
10.0,5020/20130716_094535.jpg,train,5020
15.0,5020/20130718_114528.jpg,train,5020
10.0,5020/20130719_104531.jpg,train,5020
10.0,5020/20130719_131539.jpg,train,5020
12.0,5020/20130720_104534.jpg,train,5020
13.0,5020/20130720_141531.jpg,train,5020
11.0,5020/20130721_114536.jpg,train,5020
11.0,5020/20130724_114538.jpg,train,5020
11.0,5020/20130724_141539.jpg,train,5020
8.0,5020/20130725_094550.jpg,train,5020
12.0,5020/20130726_131544.jpg,train,5020
13.0,5020/20130727_121541.jpg,train,5020
16.0,5020/20130727_131539.jpg,train,5020
13.0,5020/20130728_094532.jpg,train,5020
12.0,5020/20130729_094535.jpg,train,5020
12.0,5020/20130730_124536.jpg,train,5020
12.0,5020/20130730_141534.jpg,train,5020
18.0,5020/20130802_094533.jpg,train,5020
20.0,5020/20130802_114544.jpg,train,5020
18.0,5020/20130806_104533.jpg,train,5020
16.0,5020/20130807_141535.jpg,train,5020
29.0,5020/20130808_104548.jpg,train,5020
12.0,5020/20130810_114535.jpg,train,5020
11.0,5020/20130811_104532.jpg,train,5020
11.0,5020/20130811_134532.jpg,train,5020
17.0,5020/20130816_114537.jpg,train,5020
16.0,5020/20130816_131537.jpg,train,5020
27.0,5020/20130821_114532.jpg,train,5020
10.0,5020/20130823_131535.jpg,train,5020
10.0,5020/20130824_121531.jpg,train,5020
14.0,5020/20130829_094527.jpg,train,5020
14.0,5020/20130829_121530.jpg,train,5020
24.0,5020/20130831_104533.jpg,train,5020
19.0,5020/20130901_121531.jpg,train,5020
16.0,5020/20130903_114536.jpg,train,5020
15.0,5020/20130904_114532.jpg,train,5020
24.0,5020/20130906_114550.jpg,train,5020
26.0,5020/20130909_114537.jpg,train,5020
29.0,5020/20130910_114536.jpg,train,5020
26.0,5020/20130911_094533.jpg,train,5020
29.0,5020/20130913_094537.jpg,train,5020
20.0,5020/20130914_104545.jpg,train,5020
15.0,5020/20130917_131533.jpg,train,5020
18.0,5020/20130919_114534.jpg,train,5020
17.0,5020/20130921_104539.jpg,train,5020
16.0,5020/20130922_104544.jpg,train,5020
15.0,5020/20130923_104536.jpg,train,5020
16.0,5020/20130928_114537.jpg,train,5020
16.0,5020/20130928_141526.jpg,train,5020
21.0,5020/20130929_141538.jpg,train,5020
19.0,5020/20130929_161535.jpg,train,5020
18.0,5020/20130930_121539.jpg,train,5020
19.0,5020/20131003_121537.jpg,train,5020
18.0,5020/20131004_134533.jpg,train,5020
21.0,5020/20131008_131535.jpg,train,5020
25.0,5020/20131011_104534.jpg,train,5020
23.0,5020/20131011_121534.jpg,train,5020
22.0,5020/20131012_121535.jpg,train,5020
24.0,5020/20131013_114533.jpg,train,5020
23.0,5020/20131013_161531.jpg,train,5020
25.0,5020/20131014_114535.jpg,train,5020
24.0,5020/20131014_121538.jpg,train,5020
25.0,5020/20131014_131540.jpg,train,5020
24.0,5020/20131019_104529.jpg,train,5020
25.0,5020/20131020_131537.jpg,train,5020
19.0,5020/20131026_121535.jpg,train,5020
17.0,5020/20131028_094534.jpg,train,5020
19.0,5020/20131029_094534.jpg,train,5020
25.0,5020/20131101_131534.jpg,train,5020
20.0,5020/20131105_121530.jpg,train,5020
25.0,5020/20131109_094534.jpg,train,5020
25.0,5020/20131110_094531.jpg,train,5020
27.0,5020/20131110_131540.jpg,train,5020
24.0,5020/20131113_131534.jpg,train,5020
26.0,5020/20131114_141528.jpg,train,5020
26.0,5020/20131119_121531.jpg,train,5020
24.0,5020/20131120_121529.jpg,train,5020
22.0,5020/20131123_094530.jpg,train,5020
25.0,5020/20131124_141532.jpg,train,5020
27.0,5020/20131127_094538.jpg,train,5020
24.0,5020/20131130_094538.jpg,train,5020
26.0,5020/20131130_114532.jpg,train,5020
23.0,5020/20131202_131530.jpg,train,5020
26.0,5020/20131203_121539.jpg,train,5020
24.0,5020/20131204_131540.jpg,train,5020
23.0,5020/20131205_134532.jpg,train,5020
21.0,5020/20131206_131532.jpg,train,5020
23.0,5020/20131210_104535.jpg,train,5020
23.0,5020/20131212_121536.jpg,train,5020
25.0,5020/20131215_121542.jpg,train,5020
27.0,5020/20131215_131536.jpg,train,5020
28.0,5020/20131219_104534.jpg,train,5020
28.0,5020/20131221_114539.jpg,train,5020
25.0,5020/20131222_094540.jpg,train,5020
26.0,5020/20131222_104536.jpg,train,5020
27.0,5020/20131224_114534.jpg,train,5020
25.0,5020/20131224_121536.jpg,train,5020
29.0,5020/20131226_121542.jpg,train,5020
31.0,5020/20131227_094539.jpg,train,5020
27.0,5020/20131228_121530.jpg,train,5020
30.0,5020/20140102_094530.jpg,train,5020
23.0,5020/20140103_094539.jpg,train,5020
23.0,5020/20140103_134535.jpg,train,5020
24.0,5020/20140104_121538.jpg,train,5020
24.0,5020/20140110_094547.jpg,train,5020
25.0,5020/20140110_104536.jpg,train,5020
27.0,5020/20140114_141552.jpg,train,5020
33.0,5020/20140123_131544.jpg,train,5020
22.0,5020/20140125_131602.jpg,train,5020
25.0,5020/20140126_141550.jpg,train,5020
30.0,5020/20140127_141558.jpg,train,5020
29.0,5020/20140131_131530.jpg,train,5020
32.0,5020/20140202_114539.jpg,train,5020
32.0,5020/20140203_131544.jpg,train,5020
31.0,5020/20140208_104533.jpg,train,5020
30.0,5020/20140209_104538.jpg,train,5020
31.0,5020/20140209_114537.jpg,train,5020
31.0,5020/20140210_114543.jpg,train,5020
25.0,5020/20140216_141544.jpg,train,5020
28.0,5020/20140217_104534.jpg,train,5020
26.0,5020/20140220_131544.jpg,train,5020
27.0,5020/20140223_094538.jpg,train,5020
29.0,5020/20140223_114530.jpg,train,5020
30.0,5020/20140224_114551.jpg,train,5020
27.0,5020/20140225_121534.jpg,train,5020
27.0,5020/20140225_131530.jpg,train,5020
23.0,5020/20140226_094536.jpg,train,5020
26.0,5020/20140303_094542.jpg,train,5020
28.0,5020/20140303_114541.jpg,train,5020
27.0,5020/20140303_131545.jpg,train,5020
24.0,5020/20140305_094535.jpg,train,5020
22.0,5020/20140308_141536.jpg,train,5020
27.0,5020/20140316_121532.jpg,train,5020
23.0,5020/20140318_104534.jpg,train,5020
24.0,5020/20140318_134534.jpg,train,5020
18.0,5020/20140323_121537.jpg,train,5020
21.0,5020/20140323_141536.jpg,train,5020
28.0,5020/20140326_114542.jpg,train,5020
30.0,5020/20140328_141532.jpg,train,5020
30.0,5020/20140329_131536.jpg,train,5020
29.0,5020/20140330_104537.jpg,train,5020
31.0,5020/20140330_141542.jpg,train,5020
26.0,5020/20140331_141528.jpg,train,5020
27.0,5020/20140402_131535.jpg,train,5020
27.0,5020/20140403_104542.jpg,train,5020
29.0,5020/20140405_114543.jpg,train,5020
30.0,5020/20140406_114531.jpg,train,5020
28.0,5020/20140407_114544.jpg,train,5020
26.0,5020/20140410_141536.jpg,train,5020
26.0,5020/20140411_121532.jpg,train,5020
27.0,5020/20140411_141536.jpg,train,5020
19.0,5020/20140414_131534.jpg,train,5020
27.0,5020/20140417_131532.jpg,train,5020
24.0,5020/20140418_121532.jpg,train,5020
25.0,5020/20140418_131530.jpg,train,5020
22.0,5020/20140419_094545.jpg,train,5020
24.0,5020/20140420_131538.jpg,train,5020
23.0,5020/20140420_141537.jpg,train,5020
20.0,5020/20140422_121533.jpg,train,5020
22.0,5020/20140422_141535.jpg,train,5020
20.0,5020/20140505_131537.jpg,train,5020
22.0,5020/20140505_141536.jpg,train,5020
18.0,5020/20140509_094535.jpg,train,5020
18.0,5020/20140509_121541.jpg,train,5020
19.0,5020/20140510_094538.jpg,train,5020
21.0,5020/20140510_131536.jpg,train,5020
21.0,5020/20140512_094533.jpg,train,5020
21.0,5020/20140513_114536.jpg,train,5020
21.0,5020/20140514_131537.jpg,train,5020
21.0,5020/20140515_114534.jpg,train,5020
19.0,5020/20140516_094531.jpg,train,5020
18.0,5020/20140517_114531.jpg,train,5020
19.0,5020/20140519_114532.jpg,train,5020
19.0,5020/20140520_141546.jpg,train,5020
16.0,5020/20140529_104541.jpg,train,5020
15.0,5020/20140531_121543.jpg,train,5020
17.0,5020/20140601_094532.jpg,train,5020
16.0,5020/20140606_104541.jpg,train,5020
16.0,5020/20140608_131558.jpg,train,5020
21.0,5020/20140613_121536.jpg,train,5020
17.0,5020/20140617_141537.jpg,train,5020
13.0,5020/20140618_094528.jpg,train,5020
13.0,5020/20140618_121546.jpg,train,5020
15.0,5020/20140618_141529.jpg,train,5020
10.0,5020/20140619_134538.jpg,train,5020
21.0,5020/20140625_141538.jpg,train,5020
19.0,5020/20140627_094541.jpg,train,5020
19.0,5020/20140627_104534.jpg,train,5020
18.0,5020/20140628_104539.jpg,train,5020
15.0,5020/20140701_131534.jpg,train,5020
11.0,5020/20140702_104547.jpg,train,5020
10.0,5020/20140702_121545.jpg,train,5020
20.0,5020/20140704_131534.jpg,train,5020
21.0,5020/20140705_094536.jpg,train,5020
19.0,5020/20140706_114533.jpg,train,5020
15.0,5020/20140708_114537.jpg,train,5020
16.0,5020/20140709_131536.jpg,train,5020
18.0,5020/20140711_121533.jpg,train,5020
19.0,5020/20140712_104532.jpg,train,5020
22.0,5020/20140713_114532.jpg,train,5020
19.0,5020/20140713_121544.jpg,train,5020
21.0,5020/20140714_104537.jpg,train,5020
13.0,5020/20140718_121537.jpg,train,5020
11.0,5020/20140726_104539.jpg,train,5020
21.0,5020/20140731_141530.jpg,train,5020
23.0,5020/20140801_104544.jpg,train,5020
19.0,5020/20140806_104543.jpg,train,5020
14.0,5020/20140809_131534.jpg,train,5020
17.0,5020/20140810_094529.jpg,train,5020
14.0,5020/20140812_094538.jpg,train,5020
15.0,5020/20140812_114531.jpg,train,5020
11.0,5020/20140813_121546.jpg,train,5020
9.0,5020/20140814_121534.jpg,train,5020
12.0,5020/20140815_121533.jpg,train,5020
18.0,5020/20140818_114551.jpg,train,5020
22.0,5020/20140822_104532.jpg,train,5020
16.0,5020/20140825_104539.jpg,train,5020
12.0,5020/20140826_094535.jpg,train,5020
13.0,5020/20140826_131540.jpg,train,5020
13.0,5020/20140827_114534.jpg,train,5020
19.0,5020/20140829_141547.jpg,train,5020
16.0,5020/20140830_094537.jpg,train,5020
20.0,5020/20140831_104532.jpg,train,5020
20.0,5020/20140904_121533.jpg,train,5020
22.0,5020/20140905_131540.jpg,train,5020
18.0,5020/20140907_114541.jpg,train,5020
17.0,5020/20140910_104539.jpg,train,5020
17.0,5020/20140910_114540.jpg,train,5020
24.0,5020/20140914_121558.jpg,train,5020
19.0,5020/20140916_114538.jpg,train,5020
19.0,5020/20140917_131532.jpg,train,5020
20.0,5020/20140920_094541.jpg,train,5020
23.0,5020/20140920_114537.jpg,train,5020
16.0,5020/20140921_131543.jpg,train,5020
21.0,5020/20140922_141533.jpg,train,5020
24.0,5020/20140923_131541.jpg,train,5020
23.0,5020/20140925_104536.jpg,train,5020
22.0,5020/20140928_121541.jpg,train,5020
24.0,5020/20140928_131534.jpg,train,5020
21.0,5020/20141001_114541.jpg,train,5020
21.0,5020/20141003_114546.jpg,train,5020
25.0,5020/20141007_104541.jpg,train,5020
29.0,5020/20141010_131539.jpg,train,5020
20.0,5020/20141013_104529.jpg,train,5020
18.0,5021/20130419_121628.jpg,train,5021
23.0,5021/20130420_114633.jpg,train,5021
21.0,5021/20130423_094639.jpg,train,5021
24.0,5021/20130425_104638.jpg,train,5021
23.0,5021/20130428_121634.jpg,train,5021
21.0,5021/20130501_131631.jpg,train,5021
22.0,5021/20130502_094631.jpg,train,5021
27.0,5021/20130502_141643.jpg,train,5021
21.0,5021/20130504_121628.jpg,train,5021
19.0,5021/20130506_141635.jpg,train,5021
14.0,5021/20130507_124643.jpg,train,5021
20.0,5021/20130509_141635.jpg,train,5021
22.0,5021/20130510_141633.jpg,train,5021
24.0,5021/20130515_104631.jpg,train,5021
12.0,5021/20130516_114635.jpg,train,5021
14.0,5021/20130518_104635.jpg,train,5021
17.0,5021/20130519_104642.jpg,train,5021
17.0,5021/20130519_141632.jpg,train,5021
18.0,5021/20130520_131635.jpg,train,5021
17.0,5021/20130521_094642.jpg,train,5021
17.0,5021/20130521_131626.jpg,train,5021
13.0,5021/20130524_094639.jpg,train,5021
15.0,5021/20130524_114637.jpg,train,5021
16.0,5021/20130524_171642.jpg,train,5021
15.0,5021/20130602_104640.jpg,train,5021
15.0,5021/20130602_121653.jpg,train,5021
16.0,5021/20130603_141647.jpg,train,5021
12.0,5021/20130604_094637.jpg,train,5021
22.0,5021/20130605_114627.jpg,train,5021
15.0,5021/20130605_121635.jpg,train,5021
18.0,5021/20130606_094637.jpg,train,5021
18.0,5021/20130606_131631.jpg,train,5021
15.0,5021/20130607_131633.jpg,train,5021
14.0,5021/20130611_094632.jpg,train,5021
18.0,5021/20130612_114630.jpg,train,5021
17.0,5021/20130616_121634.jpg,train,5021
15.0,5021/20130617_104639.jpg,train,5021
15.0,5021/20130618_094634.jpg,train,5021
15.0,5021/20130619_104627.jpg,train,5021
14.0,5021/20130622_094630.jpg,train,5021
16.0,5021/20130624_104629.jpg,train,5021
17.0,5021/20130625_121633.jpg,train,5021
14.0,5021/20130626_121628.jpg,train,5021
9.0,5021/20130627_104634.jpg,train,5021
12.0,5021/20130627_114638.jpg,train,5021
11.0,5021/20130627_141803.jpg,train,5021
16.0,5021/20130628_104626.jpg,train,5021
22.0,5021/20130704_104632.jpg,train,5021
25.0,5021/20130705_114630.jpg,train,5021
24.0,5021/20130706_094634.jpg,train,5021
22.0,5021/20130706_154630.jpg,train,5021
24.0,5021/20130710_141635.jpg,train,5021
19.0,5021/20130711_094636.jpg,train,5021
19.0,5021/20130713_141630.jpg,train,5021
19.0,5021/20130714_094640.jpg,train,5021
10.0,5021/20130716_094638.jpg,train,5021
16.0,5021/20130718_114627.jpg,train,5021
10.0,5021/20130719_131630.jpg,train,5021
12.0,5021/20130720_104637.jpg,train,5021
13.0,5021/20130720_141638.jpg,train,5021
11.0,5021/20130721_114634.jpg,train,5021
11.0,5021/20130724_141641.jpg,train,5021
8.0,5021/20130725_094635.jpg,train,5021
12.0,5021/20130726_131634.jpg,train,5021
18.0,5021/20130727_114635.jpg,train,5021
16.0,5021/20130727_131626.jpg,train,5021
12.0,5021/20130729_094627.jpg,train,5021
12.0,5021/20130730_124628.jpg,train,5021
12.0,5021/20130730_141642.jpg,train,5021
18.0,5021/20130802_094632.jpg,train,5021
20.0,5021/20130802_114631.jpg,train,5021
18.0,5021/20130806_104630.jpg,train,5021
16.0,5021/20130807_141627.jpg,train,5021
29.0,5021/20130808_104634.jpg,train,5021
12.0,5021/20130810_114626.jpg,train,5021
11.0,5021/20130811_104631.jpg,train,5021
12.0,5021/20130813_131632.jpg,train,5021
9.0,5021/20130814_121638.jpg,train,5021
11.0,5021/20130815_114642.jpg,train,5021
11.0,5021/20130815_131632.jpg,train,5021
17.0,5021/20130818_094627.jpg,train,5021
18.0,5021/20130819_094628.jpg,train,5021
20.0,5021/20130822_131628.jpg,train,5021
23.0,5021/20130822_134644.jpg,train,5021
10.0,5021/20130823_121626.jpg,train,5021
22.0,5021/20130830_104636.jpg,train,5021
24.0,5021/20130831_131627.jpg,train,5021
19.0,5021/20130902_094636.jpg,train,5021
15.0,5021/20130904_114632.jpg,train,5021
21.0,5021/20130906_121630.jpg,train,5021
25.0,5021/20130907_141638.jpg,train,5021
24.0,5021/20130910_121633.jpg,train,5021
28.0,5021/20130910_131630.jpg,train,5021
31.0,5021/20130911_114635.jpg,train,5021
26.0,5021/20130911_121639.jpg,train,5021
31.0,5021/20130911_141637.jpg,train,5021
26.0,5021/20130912_094632.jpg,train,5021
34.0,5021/20130913_114641.jpg,train,5021
19.0,5021/20130914_094637.jpg,train,5021
13.0,5021/20130918_131643.jpg,train,5021
18.0,5021/20130919_114633.jpg,train,5021
18.0,5021/20130920_114633.jpg,train,5021
16.0,5021/20130922_104634.jpg,train,5021
15.0,5021/20130923_104630.jpg,train,5021
10.0,5021/20130924_104635.jpg,train,5021
21.0,5021/20130929_114639.jpg,train,5021
21.0,5021/20130929_141628.jpg,train,5021
19.0,5021/20131003_121630.jpg,train,5021
18.0,5021/20131004_134632.jpg,train,5021
21.0,5021/20131008_131640.jpg,train,5021
23.0,5021/20131012_104641.jpg,train,5021
22.0,5021/20131018_131627.jpg,train,5021
24.0,5021/20131019_104637.jpg,train,5021
20.0,5021/20131022_121630.jpg,train,5021
21.0,5021/20131024_121641.jpg,train,5021
20.0,5021/20131025_094639.jpg,train,5021
19.0,5021/20131026_094633.jpg,train,5021
20.0,5021/20131027_094637.jpg,train,5021
25.0,5021/20131101_131633.jpg,train,5021
20.0,5021/20131105_121628.jpg,train,5021
25.0,5021/20131108_094630.jpg,train,5021
25.0,5021/20131109_094629.jpg,train,5021
25.0,5021/20131110_094632.jpg,train,5021
27.0,5021/20131110_131634.jpg,train,5021
31.1,623/20120901_174155.jpg,test,623
31.1,623/20120906_174147.jpg,test,623
31.1,623/20120907_191150.jpg,train,623
28.3,623/20120909_194150.jpg,test,623
30.6,623/20120911_174150.jpg,test,623
25.6,623/20120913_174151.jpg,test,623
28.0,623/20120914_161150.jpg,test,623
27.8,623/20120915_194158.jpg,test,623
28.9,623/20120916_174150.jpg,test,623
25.0,623/20120917_174155.jpg,test,623
27.8,623/20120920_191151.jpg,test,623
27.8,623/20120921_174151.jpg,test,623
27.8,623/20120922_174151.jpg,test,623
28.9,623/20120924_191149.jpg,test,623
30.0,623/20120926_174152.jpg,test,623
30.0,623/20120927_194148.jpg,test,623
27.8,623/20121005_191147.jpg,test,623
28.9,623/20121005_211144.jpg,train,623
18.0,623/20121007_154203.jpg,test,623
29.4,623/20121011_194150.jpg,test,623
29.4,623/20121012_211151.jpg,test,623
29.4,623/20121017_194148.jpg,test,623
25.0,623/20121019_191154.jpg,test,623
28.0,623/20121021_184157.jpg,test,623
28.9,623/20121021_194152.jpg,test,623
27.8,623/20121022_174146.jpg,test,623
28.3,623/20121022_194154.jpg,train,623
28.0,623/20121024_164154.jpg,test,623
27.8,623/20121024_184152.jpg,test,623
27.8,623/20121024_201145.jpg,test,623
13.3,623/20121027_191148.jpg,test,623
21.1,623/20121030_194157.jpg,test,623
26.7,623/20121102_201148.jpg,test,623
20.6,623/20121104_191148.jpg,test,623
22.2,623/20121104_201148.jpg,test,623
26.1,623/20121105_184150.jpg,test,623
18.9,623/20121106_174151.jpg,test,623
24.4,623/20121108_174151.jpg,test,623
24.4,623/20121108_194154.jpg,test,623
25.6,623/20121109_174147.jpg,test,623
26.7,623/20121110_174152.jpg,test,623
26.1,623/20121111_191151.jpg,test,623
20.0,623/20121112_194150.jpg,test,623
18.9,623/20121112_201152.jpg,test,623
13.3,623/20121114_174147.jpg,test,623
20.6,623/20121119_194153.jpg,test,623
21.7,623/20121121_174156.jpg,test,623
21.7,623/20121122_174150.jpg,test,623
21.1,623/20121125_191149.jpg,test,623
21.1,623/20121125_201155.jpg,test,623
15.0,623/20121128_201152.jpg,test,623
20.0,623/20121129_174154.jpg,test,623
24.4,623/20121207_211154.jpg,test,623
22.2,623/20121208_201149.jpg,test,623
11.1,623/20121210_194159.jpg,test,623
11.1,623/20121210_201154.jpg,test,623
9.4,623/20121211_191151.jpg,test,623
16.1,623/20121213_194153.jpg,test,623
18.3,623/20121216_184148.jpg,test,623
22.2,623/20121217_194147.jpg,test,623
22.2,623/20121217_211146.jpg,test,623
21.7,623/20121218_191152.jpg,test,623
23.9,623/20121219_211157.jpg,test,623
11.1,623/20121220_174151.jpg,test,623
19.4,623/20121222_194150.jpg,test,623
22.8,623/20121225_174151.jpg,test,623
21.7,623/20121225_201157.jpg,test,623
15.6,623/20121228_184158.jpg,test,623
10.0,623/20121230_201200.jpg,test,623
17.2,623/20121231_174158.jpg,test,623
12.2,623/20130101_191152.jpg,test,623
7.8,623/20130103_184156.jpg,test,623
7.8,623/20130104_174154.jpg,test,623
8.0,623/20130105_184150.jpg,test,623
7.8,623/20130105_211152.jpg,test,623
11.1,623/20130107_211153.jpg,test,623
16.7,623/20130108_191149.jpg,test,623
17.2,623/20130108_194152.jpg,test,623
18.3,623/20130110_211147.jpg,test,623
19.0,623/20130111_201147.jpg,test,623
10.6,623/20130116_211156.jpg,test,623
20.0,623/20130123_184156.jpg,test,623
22.8,623/20130125_184152.jpg,test,623
22.8,623/20130125_194151.jpg,test,623
22.2,623/20130126_174149.jpg,test,623
21.7,623/20130127_184158.jpg,test,623
22.2,623/20130128_201149.jpg,test,623
19.4,623/20130201_194151.jpg,test,623
20.6,623/20130204_194148.jpg,test,623
22.0,623/20130205_161152.jpg,test,623
17.8,623/20130208_191153.jpg,test,623
17.8,623/20130208_194151.jpg,test,623
22.2,623/20130210_201154.jpg,test,623
16.1,623/20130211_191149.jpg,test,623
21.0,623/20130212_211157.jpg,test,623
18.3,623/20130215_191153.jpg,test,623
13.3,623/20130216_211151.jpg,test,623
21.1,623/20130218_211154.jpg,test,623
19.4,623/20130222_174205.jpg,test,623
16.7,623/20130223_211154.jpg,test,623
16.7,623/20130226_211155.jpg,test,623
22.8,623/20130227_194150.jpg,test,623
12.2,623/20130228_194155.jpg,test,623
12.2,623/20130228_211148.jpg,test,623
13.9,623/20130303_174158.jpg,test,623
15.6,623/20130303_194147.jpg,test,623
22.2,623/20130304_194152.jpg,test,623
16.0,623/20130305_171150.jpg,test,623
20.6,623/20130305_211157.jpg,test,623
13.9,623/20130306_191148.jpg,test,623
21.7,623/20130309_184151.jpg,test,623
17.8,623/20130310_174156.jpg,test,623
22.0,623/20130318_201154.jpg,test,623
17.2,623/20130320_201153.jpg,test,623
23.9,623/20130322_194150.jpg,test,623
16.7,623/20130324_201202.jpg,test,623
13.3,623/20130325_194150.jpg,test,623
17.8,623/20130327_191156.jpg,test,623
18.3,623/20130327_211154.jpg,test,623
22.2,623/20130329_201150.jpg,test,623
23.3,623/20130331_174155.jpg,test,623
17.8,623/20130403_201150.jpg,test,623
15.0,623/20130404_194159.jpg,test,623
21.7,623/20130406_194151.jpg,test,623
23.3,623/20130408_184154.jpg,test,623
23.0,623/20130409_181154.jpg,test,623
24.0,623/20130410_164158.jpg,test,623
10.0,623/20130411_144146.jpg,test,623
23.3,623/20130417_184154.jpg,test,623
23.3,623/20130418_184156.jpg,test,623
14.4,623/20130419_194155.jpg,test,623
18.9,623/20130420_211157.jpg,test,623
23.3,623/20130423_191154.jpg,test,623
24.4,623/20130426_194156.jpg,test,623
22.8,623/20130426_201156.jpg,test,623
25.0,623/20130428_184149.jpg,test,623
24.4,623/20130428_194148.jpg,test,623
24.4,623/20130501_201155.jpg,test,623
16.1,623/20130503_184153.jpg,test,623
17.8,623/20130503_211150.jpg,test,623
18.9,623/20130505_184200.jpg,test,623
20.6,623/20130505_194158.jpg,test,623
23.3,623/20130506_194154.jpg,test,623
26.1,623/20130507_201203.jpg,test,623
23.3,623/20130509_174207.jpg,test,623
23.3,623/20130510_191157.jpg,test,623
23.3,623/20130513_211151.jpg,test,623
24.4,623/20130516_191150.jpg,test,623
25.0,623/20130516_211152.jpg,test,623
26.0,623/20130520_161203.jpg,test,623
26.1,623/20130520_184150.jpg,test,623
26.0,623/20130520_211149.jpg,test,623
27.2,623/20130521_194153.jpg,test,623
27.0,623/20130522_191148.jpg,test,623
26.7,623/20130522_201153.jpg,test,623
27.8,623/20130523_194202.jpg,test,623
27.2,623/20130524_184153.jpg,test,623
27.2,623/20130524_201150.jpg,test,623
28.9,623/20130526_211203.jpg,test,623
28.9,623/20130527_201148.jpg,test,623
30.0,623/20130604_184153.jpg,test,623
29.4,623/20130604_191152.jpg,test,623
31.1,623/20130606_211155.jpg,train,623
30.0,623/20130610_164147.jpg,test,623
31.1,623/20130612_184154.jpg,test,623
31.1,623/20130614_184155.jpg,test,623
31.1,623/20130614_201155.jpg,test,623
31.1,623/20130616_201200.jpg,train,623
31.1,623/20130617_174150.jpg,test,623
31.1,623/20130617_191150.jpg,test,623
31.1,623/20130623_174148.jpg,train,623
32.2,623/20130627_201147.jpg,test,623
34.4,623/20130630_191149.jpg,test,623
31.7,623/20130706_184151.jpg,train,623
32.2,623/20130706_194156.jpg,test,623
31.1,623/20130708_184148.jpg,test,623
29.0,623/20130714_201159.jpg,test,623
31.7,623/20130715_194150.jpg,test,623
27.0,623/20130719_211200.jpg,test,623
29.0,623/20130720_134149.jpg,test,623
30.0,623/20130720_171148.jpg,train,623
31.1,623/20130720_184154.jpg,train,623
30.6,623/20130724_174148.jpg,test,623
30.6,623/20130725_191156.jpg,test,623
32.2,623/20130725_201147.jpg,test,623
31.1,623/20130801_174146.jpg,train,623
31.1,623/20130801_191146.jpg,test,623
32.2,623/20130804_184148.jpg,test,623
32.2,623/20130807_184201.jpg,test,623
27.0,623/20130810_144148.jpg,test,623
29.4,623/20130810_194151.jpg,test,623
28.3,623/20130810_201159.jpg,test,623
32.2,623/20130811_201201.jpg,test,623
32.2,623/20130812_191149.jpg,test,623
32.8,623/20130812_201201.jpg,test,623
25.0,623/20130815_144156.jpg,test,623
26.1,623/20130815_211147.jpg,test,623
30.0,623/20130816_174150.jpg,test,623
28.3,623/20130817_174150.jpg,train,623
28.3,623/20130817_191156.jpg,test,623
30.0,623/20130818_201151.jpg,test,623
28.9,623/20130818_211149.jpg,train,623
27.0,623/20130823_181146.jpg,test,623
24.0,623/20130826_091151.jpg,test,623
24.0,623/20130826_141150.jpg,test,623
24.0,623/20130826_164148.jpg,test,623
24.0,623/20130826_174147.jpg,test,623
29.4,623/20130827_191157.jpg,test,623
31.1,623/20130829_201150.jpg,test,623
30.6,623/20130830_174149.jpg,test,623
31.0,623/20130831_191148.jpg,test,623
28.3,623/20130906_211147.jpg,test,623
27.2,623/20130908_174153.jpg,test,623
26.7,623/20130908_184150.jpg,train,623
30.6,623/20130911_174143.jpg,test,623
31.1,623/20130911_201151.jpg,test,623
30.0,623/20130912_191202.jpg,train,623
30.6,623/20130912_201155.jpg,train,623
31.1,623/20130912_211158.jpg,test,623
30.6,623/20130913_201156.jpg,test,623
30.6,623/20130914_201147.jpg,train,623
31.1,623/20130915_184147.jpg,train,623
30.0,623/20130916_191154.jpg,test,623
31.1,623/20130917_194146.jpg,test,623
30.6,623/20130924_194146.jpg,test,623
30.6,623/20130924_211155.jpg,train,623
31.7,623/20130925_184150.jpg,test,623
29.0,623/20130929_164153.jpg,test,623
28.3,623/20130929_194157.jpg,train,623
27.8,623/20130930_174147.jpg,test,623
27.8,623/20130930_191153.jpg,test,623
29.4,623/20130930_194159.jpg,test,623
23.0,623/20131001_174157.jpg,test,623
24.0,623/20131001_191153.jpg,test,623
29.4,623/20131002_211154.jpg,test,623
28.9,623/20131003_174146.jpg,test,623
29.4,623/20131004_201156.jpg,test,623
29.0,623/20131004_221154.jpg,test,623
29.4,623/20131005_201154.jpg,test,623
21.1,623/20131006_174147.jpg,test,623
26.1,623/20131009_194158.jpg,test,623
28.3,623/20131012_191146.jpg,test,623
26.1,623/20131013_184150.jpg,train,623
27.2,623/20131015_194149.jpg,test,623
20.6,623/20131025_191148.jpg,test,623
20.6,623/20131027_191157.jpg,test,623
26.7,623/20131028_194150.jpg,test,623
26.7,623/20131028_211148.jpg,test,623
26.7,623/20131029_174148.jpg,test,623
26.7,623/20131030_201148.jpg,test,623
20.0,623/20131031_184151.jpg,test,623
23.9,623/20131101_184152.jpg,test,623
20.6,623/20131102_201150.jpg,test,623
20.0,623/20131103_191152.jpg,test,623
20.6,623/20131103_194154.jpg,test,623
23.9,623/20131104_184146.jpg,test,623
21.1,623/20131109_201150.jpg,test,623
21.7,623/20131112_201200.jpg,test,623
21.7,623/20131112_211152.jpg,test,623
25.0,623/20131116_191153.jpg,test,623
25.0,623/20131116_211156.jpg,test,623
20.6,623/20131118_184153.jpg,test,623
11.1,623/20131123_201149.jpg,test,623
6.0,623/20131126_171154.jpg,test,623
6.1,623/20131126_184150.jpg,test,623
11.7,623/20131128_191153.jpg,test,623
12.2,623/20131128_201200.jpg,test,623
13.9,623/20131129_184148.jpg,test,623
13.3,623/20131129_211145.jpg,test,623
18.9,623/20131130_194153.jpg,test,623
21.0,623/20131204_161151.jpg,test,623
22.2,623/20131204_191155.jpg,test,623
21.1,623/20131205_174203.jpg,test,623
6.1,623/20131206_211153.jpg,test,623
9.4,623/20131209_184157.jpg,test,623
6.7,623/20131210_184155.jpg,test,623
9.4,623/20131211_184148.jpg,test,623
10.0,623/20131211_211147.jpg,test,623
7.2,623/20131215_174154.jpg,test,623
17.2,623/20131217_194148.jpg,test,623
17.8,623/20131218_184154.jpg,test,623
4.4,623/20131223_174154.jpg,test,623
14.4,623/20131226_174155.jpg,test,623
14.4,623/20131226_184200.jpg,test,623
15.6,623/20131229_174155.jpg,test,623
16.1,623/20131229_194155.jpg,test,623
7.8,623/20140102_174159.jpg,test,623
20.0,623/20140111_194151.jpg,test,623
17.8,623/20140112_174152.jpg,test,623
17.2,623/20140114_201218.jpg,test,623
12.8,623/20140115_201216.jpg,test,623
17.2,623/20140116_184209.jpg,test,623
16.7,623/20140122_194204.jpg,test,623
15.6,623/20140123_191153.jpg,test,623
16.1,623/20140123_194150.jpg,test,623
2.2,623/20140129_174151.jpg,test,623
2.8,623/20140129_194151.jpg,test,623
11.7,623/20140130_191150.jpg,test,623
14.4,623/20140130_194201.jpg,test,623
14.4,623/20140130_211146.jpg,test,623
7.8,623/20140203_194148.jpg,test,623
10.6,623/20140204_184153.jpg,test,623
10.6,623/20140204_191149.jpg,test,623
7.2,623/20140205_174152.jpg,test,623
12.2,623/20140209_191148.jpg,test,623
5.0,623/20140212_184147.jpg,test,623
19.4,623/20140214_164148.jpg,test,623
13.9,623/20140215_201150.jpg,test,623
18.3,623/20140217_174152.jpg,test,623
20.0,623/20140217_211149.jpg,test,623
19.4,623/20140218_184200.jpg,test,623
20.0,623/20140220_181148.jpg,test,623
22.8,623/20140220_211150.jpg,test,623
16.7,623/20140221_194153.jpg,test,623
16.1,623/20140221_201153.jpg,test,623
17.2,623/20140222_201150.jpg,test,623
17.2,623/20140222_211200.jpg,test,623
9.4,623/20140227_191149.jpg,test,623
17.2,623/20140228_201156.jpg,test,623
17.2,623/20140228_211149.jpg,test,623
2.2,623/20140303_161151.jpg,test,623
3.9,623/20140304_194149.jpg,test,623
12.8,623/20140306_174151.jpg,test,623
15.0,623/20140307_184147.jpg,test,623
17.2,623/20140308_174158.jpg,test,623
15.0,623/20140310_191147.jpg,test,623
15.6,623/20140313_201149.jpg,test,623
19.4,623/20140318_184153.jpg,test,623
17.8,623/20140323_171157.jpg,test,623
13.3,623/20140324_184155.jpg,test,623
13.3,623/20140324_194159.jpg,test,623
19.4,623/20140327_191156.jpg,test,623
20.0,623/20140327_211144.jpg,test,623
21.1,623/20140328_184146.jpg,test,623
21.1,623/20140328_191145.jpg,test,623
18.3,623/20140329_211151.jpg,test,623
20.6,623/20140330_201154.jpg,test,623
20.6,623/20140330_211148.jpg,test,623
21.7,623/20140331_194148.jpg,test,623
22.2,623/20140403_201150.jpg,test,623
18.9,623/20140405_211200.jpg,test,623
23.3,623/20140406_194201.jpg,test,623
17.8,623/20140407_194156.jpg,test,623
19.4,623/20140408_174152.jpg,test,623
23.3,623/20140411_201155.jpg,test,623
22.8,623/20140413_211156.jpg,test,623
23.0,623/20140414_194156.jpg,test,623
17.2,623/20140416_184146.jpg,test,623
20.0,623/20140418_201153.jpg,test,623
22.2,623/20140419_201147.jpg,test,623
24.4,623/20140423_184152.jpg,test,623
23.3,623/20140424_184154.jpg,test,623
25.6,623/20140425_201146.jpg,test,623
26.1,623/20140425_211159.jpg,train,623
25.6,623/20140426_211155.jpg,test,623
25.0,623/20140427_174152.jpg,test,623
26.1,623/20140428_174146.jpg,test,623
26.7,623/20140503_184148.jpg,test,623
25.0,623/20140506_191154.jpg,test,623
26.1,623/20140506_194156.jpg,test,623
25.6,623/20140507_184153.jpg,test,623
25.0,623/20140507_191151.jpg,test,623
24.4,623/20140508_174152.jpg,test,623
24.4,623/20140508_184154.jpg,test,623
25.6,623/20140509_184154.jpg,test,623
26.1,623/20140512_151150.jpg,train,623
23.0,623/20140513_191152.jpg,test,623
21.7,623/20140515_201201.jpg,test,623
26.7,623/20140520_161158.jpg,test,623
26.7,623/20140520_174152.jpg,test,623
26.7,623/20140521_171159.jpg,test,623
27.2,623/20140524_201150.jpg,test,623
27.8,623/20140524_211202.jpg,test,623
27.8,623/20140525_211152.jpg,test,623
26.7,623/20140526_164158.jpg,test,623
27.2,623/20140526_174153.jpg,test,623
21.1,623/20140527_144150.jpg,test,623
25.0,623/20140528_184155.jpg,test,623
28.0,623/20140530_044153.jpg,train,623
28.0,623/20140530_174153.jpg,train,623
28.0,623/20140530_214149.jpg,test,623
25.0,623/20140531_201200.jpg,test,623
28.9,623/20140602_084203.jpg,train,623
28.9,623/20140602_171156.jpg,test,623
28.0,623/20140602_194149.jpg,test,623
28.3,623/20140604_184156.jpg,test,623
28.9,623/20140604_194152.jpg,test,623
28.9,623/20140605_174154.jpg,test,623
29.4,623/20140607_191154.jpg,test,623
30.0,623/20140608_191154.jpg,test,623
30.6,623/20140609_201154.jpg,test,623
25.0,623/20140613_191158.jpg,test,623
30.0,623/20140614_184203.jpg,test,623
30.0,623/20140619_174152.jpg,test,623
24.4,623/20140625_154157.jpg,test,623
30.0,623/20140627_184202.jpg,train,623
31.0,623/20140627_211157.jpg,test,623
30.6,623/20140629_184151.jpg,test,623
30.6,623/20140701_211155.jpg,train,623
31.7,623/20140703_184145.jpg,test,623
31.7,623/20140703_201155.jpg,test,623
30.6,623/20140704_201200.jpg,train,623
30.6,623/20140705_211155.jpg,train,623
28.0,623/20140706_191157.jpg,test,623
31.1,623/20140707_184148.jpg,test,623
31.1,623/20140707_211156.jpg,train,623
31.7,623/20140708_194151.jpg,test,623
31.7,623/20140711_201152.jpg,test,623
31.1,623/20140712_184149.jpg,train,623
32.2,623/20140714_201152.jpg,test,623
32.0,623/20140715_194149.jpg,test,623
29.4,623/20140717_194156.jpg,test,623
26.1,623/20140719_201149.jpg,test,623
31.1,623/20140722_174152.jpg,train,623
32.2,623/20140722_211151.jpg,test,623
30.6,623/20140731_134149.jpg,test,623
32.2,623/20140731_201148.jpg,test,623
26.1,623/20140801_194152.jpg,test,623
27.2,623/20140802_194145.jpg,test,623
29.4,623/20140803_184151.jpg,test,623
28.3,623/20140803_191145.jpg,train,623
28.3,623/20140803_201150.jpg,train,623
30.0,623/20140803_211153.jpg,test,623
28.9,623/20140804_174148.jpg,train,623
32.2,623/20140805_211156.jpg,test,623
32.0,623/20140806_184148.jpg,test,623
31.1,623/20140806_191158.jpg,train,623
32.8,623/20140807_211156.jpg,test,623
32.8,623/20140808_184207.jpg,test,623
33.3,623/20140811_211155.jpg,test,623
33.9,623/20140812_194147.jpg,test,623
31.1,623/20140814_184157.jpg,train,623
30.6,623/20140815_201203.jpg,train,623
32.8,623/20140817_211154.jpg,test,623
32.2,623/20140818_174200.jpg,test,623
32.2,623/20140818_191149.jpg,test,623
30.6,623/20140819_194154.jpg,test,623
32.8,623/20140821_211157.jpg,test,623
31.1,623/20140822_174151.jpg,test,623
31.7,623/20140822_201156.jpg,test,623
31.1,623/20140826_201152.jpg,test,623
28.9,623/20140827_194202.jpg,test,623
28.3,623/20140829_174148.jpg,test,623
32.2,623/20140902_201154.jpg,test,623
30.6,623/20140905_154212.jpg,test,623
32.2,623/20140910_211155.jpg,test,623
24.4,623/20140913_191158.jpg,test,623
28.9,623/20140916_211156.jpg,test,623
30.0,623/20140917_174153.jpg,test,623
24.0,623/20140918_201202.jpg,test,623
30.0,623/20140922_174157.jpg,train,623
26.1,623/20140924_174157.jpg,train,623
21.7,623/20140925_194201.jpg,test,623
26.7,623/20140926_201151.jpg,test,623
26.7,623/20140927_211152.jpg,train,623
25.6,623/20140928_184208.jpg,test,623
30.6,623/20141002_211207.jpg,test,623
20.0,623/20141004_191202.jpg,test,623
28.3,623/20141007_174157.jpg,train,623
28.3,623/20141007_191156.jpg,test,623
28.9,623/20141008_201148.jpg,train,623
8.0,65/20130101_200307.jpg,train,65
14.0,65/20130103_193308.jpg,train,65
11.0,65/20130104_190305.jpg,train,65
12.0,65/20130105_193304.jpg,train,65
9.0,65/20130106_180309.jpg,train,65
12.0,65/20130108_200305.jpg,train,65
12.0,65/20130110_190307.jpg,train,65
6.0,65/20130112_190312.jpg,train,65
5.0,65/20130115_200319.jpg,train,65
14.0,65/20130117_180311.jpg,train,65
13.0,65/20130121_173308.jpg,train,65
16.0,65/20130121_193315.jpg,train,65
21.0,65/20130123_193314.jpg,train,65
18.0,65/20130125_193315.jpg,train,65
15.0,65/20130126_183309.jpg,train,65
12.0,65/20130131_173316.jpg,train,65
11.0,65/20130201_173309.jpg,train,65
14.0,65/20130205_180308.jpg,train,65
13.0,65/20130206_180317.jpg,train,65
14.0,65/20130208_180310.jpg,train,65
16.0,65/20130208_200309.jpg,train,65
9.0,65/20130211_200308.jpg,train,65
8.0,65/20130213_173315.jpg,train,65
9.0,65/20130214_180312.jpg,train,65
19.0,65/20130215_200312.jpg,train,65
19.0,65/20130216_190312.jpg,train,65
18.0,65/20130217_190306.jpg,train,65
16.0,65/20130219_173310.jpg,train,65
11.0,65/20130222_183307.jpg,train,65
7.0,65/20130223_173307.jpg,train,65
7.0,65/20130224_180315.jpg,train,65
12.0,65/20130302_173304.jpg,train,65
17.0,65/20130303_180308.jpg,train,65
4.0,65/20130303_183309.jpg,train,65
21.0,65/20130304_193316.jpg,train,65
17.0,65/20130305_180306.jpg,train,65
21.0,65/20130305_190309.jpg,train,65
22.0,65/20130306_200314.jpg,train,65
11.0,65/20130309_193305.jpg,train,65
13.0,65/20130310_183305.jpg,train,65
19.0,65/20130312_190315.jpg,train,65
20.0,65/20130323_173310.jpg,train,65
19.0,65/20130323_180308.jpg,train,65
19.0,65/20130324_190313.jpg,train,65
28.0,65/20130327_200311.jpg,train,65
27.0,65/20130331_183311.jpg,train,65
23.0,65/20130401_173307.jpg,train,65
23.0,65/20130401_180312.jpg,train,65
22.0,65/20130403_180306.jpg,train,65
26.0,65/20130404_190307.jpg,train,65
25.0,65/20130406_173310.jpg,train,65
26.0,65/20130407_173307.jpg,train,65
26.0,65/20130407_190310.jpg,train,65
28.0,65/20130408_053308.jpg,train,65
27.0,65/20130408_073304.jpg,train,65
27.0,65/20130408_080304.jpg,train,65
27.0,65/20130408_103308.jpg,train,65
28.0,65/20130408_193310.jpg,train,65
18.0,65/20130409_190314.jpg,train,65
17.0,65/20130410_173303.jpg,train,65
26.0,65/20130415_173312.jpg,train,65
21.0,65/20130417_193310.jpg,train,65
20.0,65/20130418_193314.jpg,train,65
22.0,65/20130419_173308.jpg,train,65
25.0,65/20130421_180314.jpg,train,65
29.0,65/20130422_190302.jpg,train,65
25.0,65/20130426_180309.jpg,train,65
23.0,65/20130427_173305.jpg,train,65
32.0,65/20130428_190309.jpg,train,65
33.0,65/20130428_200315.jpg,train,65
31.0,65/20130429_180316.jpg,train,65
27.0,65/20130502_180306.jpg,train,65
29.0,65/20130503_193305.jpg,train,65
29.0,65/20130505_173313.jpg,train,65
30.0,65/20130505_193311.jpg,train,65
30.0,65/20130511_190316.jpg,train,65
35.0,65/20130516_200310.jpg,train,65
28.0,65/20130519_180309.jpg,train,65
33.0,65/20130520_193312.jpg,train,65
36.0,65/20130522_200314.jpg,train,65
33.0,65/20130524_193306.jpg,train,65
31.0,65/20130526_173309.jpg,train,65
35.0,65/20130604_190319.jpg,train,65
37.0,65/20130604_193305.jpg,train,65
33.0,65/20130605_173309.jpg,train,65
34.0,65/20130606_173308.jpg,train,65
36.0,65/20130608_180309.jpg,train,65
36.0,65/20130610_173314.jpg,train,65
39.0,65/20130612_193313.jpg,train,65
36.0,65/20130613_190308.jpg,train,65
36.0,65/20130614_193315.jpg,train,65
36.0,65/20130617_183317.jpg,train,65
36.0,65/20130617_190310.jpg,train,65
37.0,65/20130617_200313.jpg,train,65
34.0,65/20130620_173313.jpg,train,65
36.0,65/20130623_183308.jpg,train,65
44.0,65/20130629_190307.jpg,train,65
41.0,65/20130630_200307.jpg,train,65
38.0,65/20130706_193307.jpg,train,65
39.0,65/20130708_193308.jpg,train,65
32.0,65/20130710_180310.jpg,train,65
33.0,65/20130713_173310.jpg,train,65
33.0,65/20130713_180313.jpg,train,65
36.0,65/20130714_183307.jpg,train,65
35.0,65/20130717_190304.jpg,train,65
30.0,65/20130720_180308.jpg,train,65
32.0,65/20130720_193311.jpg,train,65
30.0,65/20130722_190312.jpg,train,65
34.0,65/20130724_183314.jpg,train,65
32.0,65/20130725_190313.jpg,train,65
34.0,65/20130725_200306.jpg,train,65
35.0,65/20130727_193316.jpg,train,65
35.0,65/20130728_173313.jpg,train,65
36.0,65/20130729_190308.jpg,train,65
35.0,65/20130730_180314.jpg,train,65
36.0,65/20130801_123315.jpg,train,65
36.0,65/20130801_183314.jpg,train,65
36.0,65/20130801_200306.jpg,train,65
34.0,65/20130802_173314.jpg,train,65
33.0,65/20130804_190309.jpg,train,65
33.0,65/20130804_193304.jpg,train,65
22.0,65/20130806_173310.jpg,train,65
29.0,65/20130807_180310.jpg,train,65
32.0,65/20130807_193308.jpg,train,65
38.0,65/20130812_193308.jpg,train,65
35.0,65/20130813_173313.jpg,train,65
35.0,65/20130813_190318.jpg,train,65
36.0,65/20130815_173317.jpg,train,65
39.0,65/20130816_183307.jpg,train,65
38.0,65/20130817_183310.jpg,train,65
40.0,65/20130817_200305.jpg,train,65
33.0,65/20130824_190315.jpg,train,65
31.0,65/20130827_173313.jpg,train,65
34.0,65/20130827_183305.jpg,train,65
37.0,65/20130828_200315.jpg,train,65
31.0,65/20130831_183313.jpg,train,65
32.0,65/20130902_173304.jpg,train,65
33.0,65/20130902_190308.jpg,train,65
34.0,65/20130903_173306.jpg,train,65
23.0,65/20130908_183309.jpg,train,65
24.0,65/20130908_193310.jpg,train,65
29.0,65/20130911_183312.jpg,train,65
33.0,65/20130912_200306.jpg,train,65
37.0,65/20130915_193311.jpg,train,65
38.0,65/20130916_200310.jpg,train,65
36.0,65/20130918_190304.jpg,train,65
31.0,65/20130922_190314.jpg,train,65
34.0,65/20130925_193307.jpg,train,65
27.0,65/20130929_180310.jpg,train,65
30.0,65/20130930_183304.jpg,train,65
31.0,65/20130930_200321.jpg,train,65
31.0,65/20131001_183308.jpg,train,65
31.0,65/20131001_200308.jpg,train,65
30.0,65/20131003_183304.jpg,train,65
26.0,65/20131004_173318.jpg,train,65
27.0,65/20131005_200319.jpg,train,65
29.0,65/20131006_183308.jpg,train,65
29.0,65/20131007_173308.jpg,train,65
25.0,65/20131012_200313.jpg,train,65
28.0,65/20131013_193301.jpg,train,65
26.0,65/20131020_183307.jpg,train,65
27.0,65/20131024_180309.jpg,train,65
30.0,65/20131027_200313.jpg,train,65
28.0,65/20131028_000308.jpg,train,65
28.0,65/20131028_023309.jpg,train,65
28.0,65/20131028_060306.jpg,train,65
28.0,65/20131028_203306.jpg,train,65
28.0,65/20131028_220309.jpg,train,65
21.0,65/20131029_133312.jpg,train,65
24.0,65/20131029_183314.jpg,train,65
19.0,65/20131030_000325.jpg,train,65
19.0,65/20131030_040303.jpg,train,65
19.0,65/20131030_060308.jpg,train,65
18.0,65/20131030_210315.jpg,train,65
24.0,65/20131101_193315.jpg,train,65
26.0,65/20131103_193308.jpg,train,65
26.0,65/20131104_193317.jpg,train,65
17.0,65/20131105_180302.jpg,train,65
21.0,65/20131106_190312.jpg,train,65
23.0,65/20131106_193315.jpg,train,65
22.0,65/20131114_180309.jpg,train,65
26.0,65/20131115_190312.jpg,train,65
21.0,65/20131116_200309.jpg,train,65
22.0,65/20131118_200311.jpg,train,65
11.0,65/20131124_173310.jpg,train,65
11.0,65/20131125_180314.jpg,train,65
14.0,65/20131126_180311.jpg,train,65
18.0,65/20131126_193310.jpg,train,65
16.0,65/20131127_173314.jpg,train,65
18.0,65/20131128_200311.jpg,train,65
18.0,65/20131129_193312.jpg,train,65
16.0,65/20131201_190317.jpg,train,65
13.0,65/20131202_173311.jpg,train,65
16.0,65/20131203_173311.jpg,train,65
17.0,65/20131204_200312.jpg,train,65
9.0,65/20131205_173317.jpg,train,65
11.0,65/20131205_183312.jpg,train,65
9.0,65/20131209_193308.jpg,train,65
12.0,65/20131210_193309.jpg,train,65
17.0,65/20131211_193313.jpg,train,65
17.0,65/20131212_190306.jpg,train,65
16.0,65/20131215_183310.jpg,train,65
21.0,65/20131216_183309.jpg,train,65
18.0,65/20131218_193314.jpg,train,65
19.0,65/20131219_183306.jpg,train,65
19.0,65/20131219_190316.jpg,train,65
13.0,65/20131223_190308.jpg,train,65
17.0,65/20131226_183311.jpg,train,65
18.0,65/20131226_193304.jpg,train,65
13.0,65/20131229_183308.jpg,train,65
13.0,65/20140102_183312.jpg,train,65
14.0,65/20140103_173314.jpg,train,65
11.0,65/20140108_173301.jpg,train,65
12.0,65/20140109_190306.jpg,train,65
13.0,65/20140111_190328.jpg,train,65
15.0,65/20140112_183429.jpg,train,65
8.0,65/20140114_180422.jpg,train,65
16.0,65/20140114_193333.jpg,train,65
20.0,65/20140121_180306.jpg,train,65
22.0,65/20140121_190312.jpg,train,65
16.0,65/20140123_190317.jpg,train,65
17.0,65/20140124_200324.jpg,train,65
19.0,65/20140125_173325.jpg,train,65
18.0,65/20140127_180332.jpg,train,65
18.0,65/20140128_183335.jpg,train,65
18.0,65/20140129_190316.jpg,train,65
19.0,65/20140129_200310.jpg,train,65
24.0,65/20140130_000307.jpg,train,65
22.0,65/20140130_183304.jpg,train,65
22.0,65/20140130_203312.jpg,train,65
20.0,65/20140131_093308.jpg,train,65
14.0,65/20140201_190310.jpg,train,65
14.0,65/20140203_190319.jpg,train,65
14.0,65/20140204_193304.jpg,train,65
14.0,65/20140204_200318.jpg,train,65
14.0,65/20140205_183321.jpg,train,65
20.0,65/20140209_200306.jpg,train,65
20.0,65/20140212_190308.jpg,train,65
23.0,65/20140212_193308.jpg,train,65
20.0,65/20140214_173307.jpg,train,65
22.0,65/20140216_180310.jpg,train,65
25.0,65/20140216_190305.jpg,train,65
25.0,65/20140217_183313.jpg,train,65
19.0,65/20140220_190307.jpg,train,65
24.0,65/20140226_133314.jpg,train,65
22.0,65/20140227_190314.jpg,train,65
23.0,65/20140227_200314.jpg,train,65
15.0,65/20140301_000309.jpg,train,65
15.0,65/20140301_023305.jpg,train,65
15.0,65/20140301_230304.jpg,train,65
21.0,65/20140305_020312.jpg,train,65
19.0,65/20140305_173302.jpg,train,65
22.0,65/20140305_200315.jpg,train,65
21.0,65/20140306_183307.jpg,train,65
21.0,65/20140307_173308.jpg,train,65
24.0,65/20140307_193307.jpg,train,65
20.0,65/20140308_180318.jpg,train,65
23.0,65/20140308_183308.jpg,train,65
23.0,65/20140310_200306.jpg,train,65
20.0,65/20140318_173307.jpg,train,65
23.0,65/20140318_193310.jpg,train,65
23.0,65/20140319_190310.jpg,train,65
23.0,65/20140322_183309.jpg,train,65
22.0,65/20140323_180314.jpg,train,65
26.0,65/20140324_193302.jpg,train,65
25.0,65/20140326_200310.jpg,train,65
20.0,65/20140327_200312.jpg,train,65
19.0,65/20140328_180314.jpg,train,65
22.0,65/20140328_193313.jpg,train,65
22.0,65/20140328_200316.jpg,train,65
24.0,65/20140329_190304.jpg,train,65
23.0,65/20140330_180312.jpg,train,65
23.0,65/20140331_083308.jpg,train,65
23.0,65/20140331_180308.jpg,train,65
19.0,65/20140404_173314.jpg,train,65
22.0,65/20140406_190310.jpg,train,65
28.0,65/20140408_183316.jpg,train,65
28.0,65/20140409_190311.jpg,train,65
29.0,65/20140410_173307.jpg,train,65
24.0,65/20140413_173308.jpg,train,65
30.0,65/20140416_193310.jpg,train,65
24.0,65/20140420_180307.jpg,train,65
31.0,65/20140422_180314.jpg,train,65
27.0,65/20140423_193305.jpg,train,65
28.0,65/20140424_193310.jpg,train,65
29.0,65/20140425_183301.jpg,train,65
16.0,65/20140426_180315.jpg,train,65
20.0,65/20140427_183318.jpg,train,65
22.0,65/20140428_173314.jpg,train,65
22.0,65/20140428_180312.jpg,train,65
25.0,65/20140428_183304.jpg,train,65
28.0,65/20140502_173311.jpg,train,65
34.0,65/20140503_193307.jpg,train,65
19.0,65/20140507_173310.jpg,train,65
22.0,65/20140507_193316.jpg,train,65
22.0,65/20140507_200309.jpg,train,65
22.0,65/20140508_173303.jpg,train,65
23.0,65/20140508_183309.jpg,train,65
24.0,65/20140508_193311.jpg,train,65
28.0,65/20140509_193312.jpg,train,65
27.0,65/20140513_190316.jpg,train,65
27.0,65/20140513_200312.jpg,train,65
31.0,65/20140520_183305.jpg,train,65
26.0,65/20140521_180314.jpg,train,65
31.0,65/20140525_220312.jpg,train,65
33.0,65/20140526_173320.jpg,train,65
34.0,65/20140526_183305.jpg,train,65
36.0,65/20140528_193313.jpg,train,65
31.0,65/20140529_173312.jpg,train,65
31.0,65/20140529_180311.jpg,train,65
36.0,65/20140530_183309.jpg,train,65
36.0,65/20140602_180304.jpg,train,65
39.0,65/20140604_193314.jpg,train,65
37.0,65/20140605_183319.jpg,train,65
35.0,65/20140607_190303.jpg,train,65
37.0,65/20140607_200313.jpg,train,65
36.0,65/20140608_200316.jpg,train,65
34.0,65/20140611_173315.jpg,train,65
36.0,65/20140611_190317.jpg,train,65
37.0,65/20140614_193322.jpg,train,65
36.0,65/20140615_190305.jpg,train,65
34.0,65/20140616_173314.jpg,train,65
35.0,65/20140617_180318.jpg,train,65
32.0,65/20140618_180308.jpg,train,65
34.0,65/20140618_190312.jpg,train,65
33.0,65/20140619_173304.jpg,train,65
34.0,65/20140619_183313.jpg,train,65
36.0,65/20140624_173304.jpg,train,65
35.0,65/20140625_180313.jpg,train,65
37.0,65/20140626_210314.jpg,train,65
37.0,65/20140627_193308.jpg,train,65
37.0,65/20140629_193303.jpg,train,65
36.0,65/20140701_173304.jpg,train,65
38.0,65/20140703_193313.jpg,train,65
34.0,65/20140706_200313.jpg,train,65
37.0,65/20140707_193305.jpg,train,65
38.0,65/20140712_193303.jpg,train,65
36.0,65/20140713_190313.jpg,train,65
39.0,65/20140722_183306.jpg,train,65
36.0,65/20140725_180304.jpg,train,65
38.0,65/20140729_183310.jpg,train,65
34.0,65/20140803_193320.jpg,train,65
34.0,65/20140803_200307.jpg,train,65
33.0,65/20140804_173305.jpg,train,65
35.0,65/20140804_183322.jpg,train,65
38.0,65/20140806_193319.jpg,train,65
38.0,65/20140806_200307.jpg,train,65
36.0,65/20140808_193309.jpg,train,65
35.0,65/20140809_213318.jpg,train,65
36.0,65/20140811_190310.jpg,train,65
28.0,65/20140812_173311.jpg,train,65
36.0,65/20140814_193319.jpg,train,65
37.0,65/20140817_190306.jpg,train,65
38.0,65/20140817_200309.jpg,train,65
31.0,65/20140818_183303.jpg,train,65
33.0,65/20140818_200312.jpg,train,65
31.0,65/20140820_190324.jpg,train,65
27.0,65/20140822_180311.jpg,train,65
33.0,65/20140824_180327.jpg,train,65
34.0,65/20140827_200317.jpg,train,65
36.0,65/20140829_183310.jpg,train,65
36.0,65/20140831_180312.jpg,train,65
38.0,65/20140831_183328.jpg,train,65
39.0,65/20140831_200329.jpg,train,65
38.0,65/20140902_190314.jpg,train,65
35.0,65/20140903_173314.jpg,train,65
31.0,65/20140905_180327.jpg,train,65
29.0,65/20140910_173312.jpg,train,65
31.0,65/20140911_173318.jpg,train,65
31.0,65/20140911_180312.jpg,train,65
36.0,65/20140912_193315.jpg,train,65
34.0,65/20140913_200309.jpg,train,65
32.0,65/20140914_180315.jpg,train,65
28.0,65/20140917_183313.jpg,train,65
32.0,65/20140920_190315.jpg,train,65
33.0,65/20140922_183315.jpg,train,65
32.0,65/20140924_180318.jpg,train,65
34.0,65/20140924_190314.jpg,train,65
34.0,65/20140925_190314.jpg,train,65
36.0,65/20140925_200308.jpg,train,65
28.0,65/20140928_173311.jpg,train,65
30.0,65/20140928_193320.jpg,train,65
25.0,65/20140930_180316.jpg,train,65
27.0,65/20141001_173317.jpg,train,65
33.0,65/20141004_193311.jpg,train,65
26.0,65/20141007_180309.jpg,train,65
29.0,65/20141007_183309.jpg,train,65
26.0,65/20141010_183325.jpg,train,65
23.0,65/20141017_173315.jpg,train,65
29.0,65/20141018_193328.jpg,train,65
30.0,65/20141019_193356.jpg,train,65
24.0,65/20141020_180340.jpg,train,65
26.0,65/20141021_173323.jpg,train,65
26.0,65/20141023_173319.jpg,train,65
31.0,65/20141024_193310.jpg,train,65
25.0,684/20120604_191139.jpg,train,684
26.1,684/20120604_201140.jpg,train,684
19.4,684/20120605_181139.jpg,train,684
22.2,684/20120607_174138.jpg,train,684
23.3,684/20120608_164236.jpg,train,684
26.7,684/20120609_191140.jpg,train,684
29.4,684/20120610_184140.jpg,train,684
23.3,684/20120614_191146.jpg,train,684
23.9,684/20120615_191145.jpg,train,684
22.8,684/20120616_174203.jpg,train,684
23.3,684/20120616_184214.jpg,train,684
22.8,684/20120618_191227.jpg,train,684
28.3,684/20120619_174150.jpg,train,684
29.4,684/20120621_181204.jpg,train,684
26.7,684/20120622_191214.jpg,train,684
27.2,684/20120624_181150.jpg,train,684
28.3,684/20120625_164206.jpg,train,684
33.9,684/20120629_164217.jpg,train,684
29.4,684/20120702_191143.jpg,train,684
33.9,684/20120703_184157.jpg,train,684
31.7,684/20120704_174151.jpg,train,684
33.9,684/20120704_201151.jpg,train,684
30.0,684/20120706_164146.jpg,train,684
34.4,684/20120707_191202.jpg,train,684
29.4,684/20120709_181149.jpg,train,684
26.7,684/20120711_191150.jpg,train,684
23.9,684/20120712_184142.jpg,train,684
23.0,684/20120713_174139.jpg,train,684
27.0,684/20120714_191146.jpg,train,684
25.0,684/20120720_164158.jpg,train,684
31.7,684/20120724_164224.jpg,train,684
31.7,684/20120724_181213.jpg,train,684
32.2,684/20120726_164246.jpg,train,684
28.3,684/20120729_174150.jpg,train,684
28.3,684/20120729_191211.jpg,train,684
27.2,684/20120730_191151.jpg,train,684
24.4,684/20120731_174151.jpg,train,684
24.4,684/20120731_191213.jpg,train,684
29.4,684/20120802_174200.jpg,train,684
26.1,684/20120804_164154.jpg,train,684
27.2,684/20120805_164204.jpg,train,684
26.7,684/20120806_201145.jpg,train,684
27.8,684/20120807_191232.jpg,train,684
26.1,684/20120813_191158.jpg,train,684
23.9,684/20120815_174220.jpg,train,684
23.9,684/20120815_184144.jpg,train,684
26.1,684/20120817_181215.jpg,train,684
28.9,684/20120817_184240.jpg,train,684
21.1,684/20120820_201213.jpg,train,684
23.3,684/20120821_181150.jpg,train,684
23.0,684/20120822_191226.jpg,train,684
25.6,684/20120823_174148.jpg,train,684
21.0,684/20120825_174213.jpg,train,684
28.9,684/20120828_174144.jpg,train,684
26.7,684/20120830_174151.jpg,train,684
28.3,684/20120830_184149.jpg,train,684
26.7,684/20120901_164153.jpg,train,684
27.8,684/20120901_174147.jpg,train,684
24.4,684/20120906_164147.jpg,train,684
26.7,684/20120907_181147.jpg,train,684
21.7,684/20120909_184149.jpg,train,684
22.8,684/20120910_184152.jpg,train,684
20.0,684/20120913_164148.jpg,train,684
24.4,684/20120915_184151.jpg,train,684
16.1,684/20120916_164150.jpg,train,684
18.9,684/20120917_164154.jpg,train,684
18.9,684/20120920_164148.jpg,train,684
23.9,684/20120922_164151.jpg,train,684
15.6,684/20120924_181154.jpg,train,684
22.2,684/20120926_164150.jpg,train,684
26.1,684/20120927_184151.jpg,train,684
16.7,684/20120929_191152.jpg,train,684
19.0,684/20121003_151148.jpg,train,684
20.6,684/20121005_181152.jpg,train,684
23.3,684/20121005_201153.jpg,train,684
10.0,684/20121009_171148.jpg,train,684
14.4,684/20121011_184143.jpg,train,684
19.0,684/20121012_201150.jpg,train,684
16.7,684/20121017_184147.jpg,train,684
17.2,684/20121019_181147.jpg,train,684
15.0,684/20121021_174153.jpg,train,684
16.7,684/20121021_184147.jpg,train,684
14.4,684/20121022_164151.jpg,train,684
19.4,684/20121022_184155.jpg,train,684
23.3,684/20121024_174150.jpg,train,684
23.3,684/20121024_191146.jpg,train,684
17.0,684/20121027_181147.jpg,train,684
5.6,684/20121030_184146.jpg,train,684
10.0,684/20121102_191145.jpg,train,684
7.2,684/20121104_181154.jpg,train,684
8.9,684/20121104_191143.jpg,train,684
10.0,684/20121105_174154.jpg,train,684
2.2,684/20121106_164149.jpg,train,684
10.6,684/20121108_164147.jpg,train,684
12.2,684/20121108_184147.jpg,train,684
13.3,684/20121109_164148.jpg,train,684
16.1,684/20121110_164146.jpg,train,684
15.6,684/20121111_181150.jpg,train,684
16.7,684/20121112_184158.jpg,train,684
16.0,684/20121112_191157.jpg,train,684
5.6,684/20121114_164150.jpg,train,684
10.6,684/20121119_184145.jpg,train,684
10.0,684/20121121_164156.jpg,train,684
10.0,684/20121122_164152.jpg,train,684
8.9,684/20121125_184154.jpg,train,684
6.7,684/20121125_191152.jpg,train,684
9.4,684/20121127_184155.jpg,train,684
6.0,684/20121129_164156.jpg,train,684
12.2,684/20121130_191153.jpg,train,684
10.6,684/20121207_201149.jpg,train,684
17.2,684/20121208_191148.jpg,train,684
15.0,684/20121210_184151.jpg,train,684
16.1,684/20121210_191149.jpg,train,684
8.3,684/20121211_184154.jpg,train,684
6.1,684/20121212_184147.jpg,train,684
6.1,684/20121213_191145.jpg,train,684
8.9,684/20121214_164146.jpg,train,684
6.7,684/20121216_174154.jpg,train,684
11.7,684/20121217_184145.jpg,train,684
11.1,684/20121218_181147.jpg,train,684
13.9,684/20121219_164151.jpg,train,684
15.6,684/20121219_201152.jpg,train,684
5.0,684/20121220_164153.jpg,train,684
5.0,684/20121222_184148.jpg,train,684
9.4,684/20121225_164149.jpg,train,684
10.6,684/20121225_191147.jpg,train,684
2.0,684/20121228_174158.jpg,train,684
3.3,684/20121230_191151.jpg,train,684
3.3,684/20121231_164147.jpg,train,684
8.9,684/20130101_181152.jpg,train,684
4.0,684/20130102_124150.jpg,train,684
4.4,684/20130102_201151.jpg,train,684
4.4,684/20130103_174154.jpg,train,684
7.2,684/20130105_174154.jpg,train,684
7.8,684/20130105_201152.jpg,train,684
6.1,684/20130107_201148.jpg,train,684
8.9,684/20130108_174149.jpg,train,684
10.0,684/20130108_184153.jpg,train,684
11.7,684/20130109_181145.jpg,train,684
11.7,684/20130109_191153.jpg,train,684
11.1,684/20130110_164152.jpg,train,684
5.0,684/20130111_191146.jpg,train,684
6.7,684/20130115_181157.jpg,train,684
4.0,684/20130116_141152.jpg,train,684
5.6,684/20130116_201154.jpg,train,684
-2.2,684/20130123_174147.jpg,train,684
-5.6,684/20130125_174200.jpg,train,684
-6.1,684/20130125_184148.jpg,train,684
2.8,684/20130126_164155.jpg,train,684
0.0,684/20130127_174154.jpg,train,684
4.0,684/20130128_151154.jpg,train,684
4.4,684/20130128_191153.jpg,train,684
-3.9,684/20130201_184150.jpg,train,684
-1.1,684/20130202_191150.jpg,train,684
2.2,684/20130204_184146.jpg,train,684
3.9,684/20130208_181146.jpg,train,684
5.6,684/20130208_184149.jpg,train,684
4.4,684/20130210_191152.jpg,train,684
7.8,684/20130211_181143.jpg,train,684
12.2,684/20130212_201149.jpg,train,684
10.0,684/20130215_181157.jpg,train,684
2.8,684/20130216_201150.jpg,train,684
7.2,684/20130218_201150.jpg,train,684
0.0,684/20130222_164157.jpg,train,684
7.0,684/20130223_201153.jpg,train,684
8.9,684/20130227_184155.jpg,train,684
5.0,684/20130228_184151.jpg,train,684
5.0,684/20130228_201148.jpg,train,684
1.7,684/20130303_164145.jpg,train,684
1.1,684/20130303_184150.jpg,train,684
5.0,684/20130304_174154.jpg,train,684
6.7,684/20130304_184149.jpg,train,684
8.3,684/20130305_201152.jpg,train,684
2.2,684/20130306_181145.jpg,train,684
7.8,684/20130308_191154.jpg,train,684
10.6,684/20130309_174159.jpg,train,684
9.4,684/20130310_164146.jpg,train,684
22.2,684/20130316_201153.jpg,train,684
5.0,684/20130317_201153.jpg,train,684
8.3,684/20130320_191158.jpg,train,684
5.0,684/20130322_184146.jpg,train,684
1.0,684/20130324_191150.jpg,train,684
3.9,684/20130325_184151.jpg,train,684
3.9,684/20130327_181154.jpg,train,684
6.1,684/20130327_201151.jpg,train,684
10.6,684/20130329_191155.jpg,train,684
7.8,684/20130331_164153.jpg,train,684
8.9,684/20130403_191156.jpg,train,684
5.0,684/20130404_184153.jpg,train,684
13.9,684/20130406_184149.jpg,train,684
22.2,684/20130408_174143.jpg,train,684
22.2,684/20130408_191157.jpg,train,684
20.6,684/20130417_174152.jpg,train,684
22.2,684/20130418_174152.jpg,train,684
20.6,684/20130419_184151.jpg,train,684
12.8,684/20130420_201147.jpg,train,684
12.8,684/20130423_181201.jpg,train,684
16.7,684/20130426_184147.jpg,train,684
16.1,684/20130426_191159.jpg,train,684
12.8,684/20130428_174159.jpg,train,684
13.3,684/20130428_184154.jpg,train,684
16.1,684/20130501_191155.jpg,train,684
14.4,684/20130503_181152.jpg,train,684
12.2,684/20130505_174155.jpg,train,684
11.7,684/20130505_184150.jpg,train,684
14.4,684/20130506_184158.jpg,train,684
12.8,684/20130507_191153.jpg,train,684
12.0,684/20130508_141151.jpg,train,684
23.3,684/20130510_181153.jpg,train,684
26.0,684/20130510_184152.jpg,train,684
21.7,684/20130511_191150.jpg,train,684
15.0,684/20130513_201157.jpg,train,684
25.6,684/20130516_181200.jpg,train,684
27.2,684/20130516_201153.jpg,train,684
23.3,684/20130520_174154.jpg,train,684
25.0,684/20130520_201203.jpg,train,684
28.3,684/20130521_184142.jpg,train,684
25.0,684/20130522_181148.jpg,train,684
26.1,684/20130522_191148.jpg,train,684
23.3,684/20130523_184153.jpg,train,684
13.3,684/20130524_174153.jpg,train,684
13.3,684/20130524_191147.jpg,train,684
21.1,684/20130526_201144.jpg,train,684
18.9,684/20130527_191150.jpg,train,684
27.2,684/20130530_164150.jpg,train,684
23.3,684/20130604_191151.jpg,train,684
28.3,684/20130612_174152.jpg,train,684
23.3,684/20130614_174158.jpg,train,684
23.3,684/20130614_191144.jpg,train,684
27.8,684/20130616_191156.jpg,train,684
26.7,684/20130617_174150.jpg,train,684
25.6,684/20130617_181144.jpg,train,684
26.7,684/20130623_164147.jpg,train,684
23.3,684/20130630_181201.jpg,train,684
27.8,684/20130706_174150.jpg,train,684
28.3,684/20130706_184146.jpg,train,684
27.2,684/20130708_174151.jpg,train,684
24.4,684/20130714_181145.jpg,train,684
28.3,684/20130715_174150.jpg,train,684
28.3,684/20130715_191146.jpg,train,684
29.4,684/20130715_201144.jpg,train,684
30.0,684/20130717_181150.jpg,train,684
28.9,684/20130720_191147.jpg,train,684
30.6,684/20130720_201149.jpg,train,684
30.0,684/20130722_201152.jpg,train,684
26.1,684/20130724_164155.jpg,train,684
23.9,684/20130725_181147.jpg,train,684
23.3,684/20130725_191155.jpg,train,684
24.4,684/20130728_184150.jpg,train,684
23.9,684/20130731_174147.jpg,train,684
24.0,684/20130801_171202.jpg,train,684
26.1,684/20130803_184150.jpg,train,684
23.9,684/20130805_174148.jpg,train,684
27.8,684/20130808_184151.jpg,train,684
27.0,684/20130808_191154.jpg,train,684
30.6,684/20130809_184146.jpg,train,684
21.1,684/20130814_164157.jpg,train,684
20.6,684/20130815_164147.jpg,train,684
21.7,684/20130816_184149.jpg,train,684
18.9,684/20130818_181153.jpg,train,684
19.4,684/20130818_191147.jpg,train,684
26.1,684/20130822_174150.jpg,train,684
22.0,684/20130826_164148.jpg,train,684
26.7,684/20130827_181200.jpg,train,684
20.0,684/20130924_201146.jpg,train,684
20.0,684/20130927_174156.jpg,train,684
20.0,684/20130929_184156.jpg,train,684
20.0,684/20130930_174157.jpg,train,684
21.7,684/20131001_164151.jpg,train,684
21.7,684/20131001_181153.jpg,train,684
25.6,684/20131002_201144.jpg,train,684
21.1,684/20131003_164151.jpg,train,684
26.7,684/20131004_191144.jpg,train,684
25.0,684/20131005_181154.jpg,train,684
26.1,684/20131005_191148.jpg,train,684
22.8,684/20131006_164146.jpg,train,684
17.2,684/20131009_184150.jpg,train,684
18.9,684/20131012_184145.jpg,train,684
17.8,684/20131013_174142.jpg,train,684
16.0,684/20131014_151150.jpg,train,684
18.9,684/20131015_184200.jpg,train,684
19.4,684/20131016_201151.jpg,train,684
8.9,684/20131025_184148.jpg,train,684
12.2,684/20131027_181149.jpg,train,684
16.1,684/20131028_184150.jpg,train,684
16.1,684/20131028_201159.jpg,train,684
15.6,684/20131029_164146.jpg,train,684
12.8,684/20131030_191154.jpg,train,684
17.8,684/20131031_174152.jpg,train,684
20.0,684/20131101_174146.jpg,train,684
17.2,684/20131102_191151.jpg,train,684
11.1,684/20131103_181149.jpg,train,684
13.9,684/20131103_184146.jpg,train,684
7.8,684/20131104_174147.jpg,train,684
15.0,684/20131106_174145.jpg,train,684
17.8,684/20131106_184145.jpg,train,684
8.3,684/20131108_191155.jpg,train,684
6.1,684/20131112_191150.jpg,train,684
5.6,684/20131112_201202.jpg,train,684
12.8,684/20131115_174145.jpg,train,684
11.1,684/20131116_181146.jpg,train,684
11.7,684/20131116_201152.jpg,train,684
13.9,684/20131117_201149.jpg,train,684
16.1,684/20131118_181147.jpg,train,684
17.8,684/20131118_184152.jpg,train,684
8.3,684/20131123_191149.jpg,train,684
-0.6,684/20131125_201148.jpg,train,684
1.0,684/20131126_171142.jpg,train,684
1.1,684/20131127_184149.jpg,train,684
0.6,684/20131128_181150.jpg,train,684
2.2,684/20131128_191152.jpg,train,684
6.7,684/20131129_174156.jpg,train,684
6.7,684/20131129_201142.jpg,train,684
3.3,684/20131130_184144.jpg,train,684
12.0,684/20131204_181150.jpg,train,684
13.3,684/20131205_164146.jpg,train,684
20.0,684/20131206_201150.jpg,train,684
3.3,684/20131209_174143.jpg,train,684
5.0,684/20131210_174152.jpg,train,684
4.4,684/20131211_174146.jpg,train,684
5.6,684/20131211_201152.jpg,train,684
5.0,684/20131215_181149.jpg,train,684
5.6,684/20131216_201154.jpg,train,684
11.7,684/20131217_184155.jpg,train,684
3.9,684/20131218_174144.jpg,train,684
12.2,684/20131219_164154.jpg,train,684
13.9,684/20131223_164146.jpg,train,684
5.6,684/20131226_164146.jpg,train,684
7.2,684/20131226_174151.jpg,train,684
5.6,684/20131229_164145.jpg,train,684
7.8,684/20131229_184144.jpg,train,684
6.7,684/20131231_201152.jpg,train,684
3.3,684/20140102_164147.jpg,train,684
2.0,684/20140110_161150.jpg,train,684
2.2,684/20140110_184145.jpg,train,684
10.0,684/20140112_184200.jpg,train,684
8.3,684/20140113_174151.jpg,train,684
10.0,684/20140114_184146.jpg,train,684
10.0,684/20140114_201146.jpg,train,684
6.1,684/20140117_174219.jpg,train,684
-9.4,684/20140122_164200.jpg,train,684
-4.0,684/20140123_171156.jpg,train,684
-5.6,684/20140123_181205.jpg,train,684
-4.4,684/20140123_184205.jpg,train,684
-7.8,684/20140124_191146.jpg,train,684
-3.9,684/20140125_181210.jpg,train,684
0.0,684/20140125_184148.jpg,train,684
0.0,684/20140125_201237.jpg,train,684
3.9,684/20140126_201202.jpg,train,684
-7.2,684/20140129_201146.jpg,train,684
-3.9,684/20140130_191145.jpg,train,684
6.0,684/20140203_171146.jpg,train,684
6.7,684/20140203_184155.jpg,train,684
1.1,684/20140204_174152.jpg,train,684
1.1,684/20140204_181147.jpg,train,684
1.7,684/20140205_164145.jpg,train,684
1.7,684/20140207_191157.jpg,train,684
3.3,684/20140209_181149.jpg,train,684
0.0,684/20140215_191151.jpg,train,684
-0.6,684/20140217_164144.jpg,train,684
1.1,684/20140217_201148.jpg,train,684
10.6,684/20140218_174155.jpg,train,684
13.9,684/20140219_174148.jpg,train,684
8.0,684/20140220_171150.jpg,train,684
8.3,684/20140220_201146.jpg,train,684
10.0,684/20140221_184148.jpg,train,684
10.6,684/20140221_191148.jpg,train,684
13.3,684/20140222_191146.jpg,train,684
16.1,684/20140222_201149.jpg,train,684
1.1,684/20140227_181159.jpg,train,684
-2.2,684/20140228_191151.jpg,train,684
-1.1,684/20140228_201152.jpg,train,684
-2.8,684/20140304_184154.jpg,train,684
2.8,684/20140305_181146.jpg,train,684
1.7,684/20140306_164155.jpg,train,684
-1.0,684/20140307_161154.jpg,train,684
-0.6,684/20140307_181149.jpg,train,684
14.4,684/20140308_164155.jpg,train,684
14.0,684/20140310_181202.jpg,train,684
18.0,684/20140310_201154.jpg,train,684
-1.7,684/20140313_191150.jpg,train,684
17.2,684/20140315_191148.jpg,train,684
0.6,684/20140318_174149.jpg,train,684
17.2,684/20140322_164151.jpg,train,684
2.2,684/20140324_174145.jpg,train,684
3.3,684/20140324_184150.jpg,train,684
3.3,684/20140327_181154.jpg,train,684
7.8,684/20140327_201153.jpg,train,684
13.3,684/20140328_174149.jpg,train,684
12.2,684/20140328_181151.jpg,train,684
11.7,684/20140331_164148.jpg,train,684
16.1,684/20140403_191147.jpg,train,684
12.2,684/20140405_201155.jpg,train,684
11.1,684/20140406_184152.jpg,train,684
6.7,684/20140407_184153.jpg,train,684
12.8,684/20140408_164151.jpg,train,684
18.9,684/20140411_181153.jpg,train,684
23.9,684/20140411_201157.jpg,train,684
24.4,684/20140413_201157.jpg,train,684
19.4,684/20140414_184156.jpg,train,684
5.0,684/20140416_174201.jpg,train,684
5.0,684/20140418_151146.jpg,train,684
7.8,684/20140418_191146.jpg,train,684
14.4,684/20140419_191158.jpg,train,684
15.6,684/20140420_181159.jpg,train,684
14.4,684/20140423_174158.jpg,train,684
13.3,684/20140424_174203.jpg,train,684
13.3,684/20140425_164154.jpg,train,684
13.9,684/20140425_191150.jpg,train,684
23.9,684/20140426_201148.jpg,train,684
18.9,684/20140427_164152.jpg,train,684
13.9,684/20140428_164152.jpg,train,684
9.0,684/20140429_151151.jpg,train,684
18.3,684/20140503_174157.jpg,train,684
17.2,684/20140506_181152.jpg,train,684
21.7,684/20140506_184154.jpg,train,684
21.1,684/20140507_174152.jpg,train,684
20.0,684/20140507_181149.jpg,train,684
24.4,684/20140508_164154.jpg,train,684
27.8,684/20140508_174145.jpg,train,684
25.0,684/20140509_164145.jpg,train,684
28.3,684/20140509_184146.jpg,train,684
18.9,684/20140510_191146.jpg,train,684
29.4,684/20140512_184150.jpg,train,684
29.4,684/20140512_201155.jpg,train,684
16.1,684/20140516_184149.jpg,train,684
14.4,684/20140516_191152.jpg,train,684
16.1,684/20140518_191156.jpg,train,684
18.3,684/20140519_201149.jpg,train,684
22.8,684/20140523_164157.jpg,train,684
28.9,684/20140527_201147.jpg,train,684
27.2,684/20140528_164154.jpg,train,684
27.2,684/20140528_191154.jpg,train,684
24.0,684/20140530_151152.jpg,train,684
23.9,684/20140530_174154.jpg,train,684
23.0,684/20140531_164151.jpg,train,684
21.7,684/20140602_181155.jpg,train,684
21.1,684/20140604_174147.jpg,train,684
24.4,684/20140604_184148.jpg,train,684
25.0,684/20140605_164155.jpg,train,684
23.3,684/20140607_181151.jpg,train,684
23.9,684/20140608_181154.jpg,train,684
26.1,684/20140609_191154.jpg,train,684
22.8,684/20140611_154153.jpg,train,684
23.0,684/20140613_181158.jpg,train,684
23.9,684/20140614_174152.jpg,train,684
31.7,684/20140617_184155.jpg,train,684
31.1,684/20140617_191155.jpg,train,684
31.7,684/20140618_174200.jpg,train,684
32.2,684/20140618_184150.jpg,train,684
31.7,684/20140619_164151.jpg,train,684
27.8,684/20140626_191202.jpg,train,684
26.1,684/20140627_191202.jpg,train,684
23.9,684/20140629_174144.jpg,train,684
25.6,684/20140704_191153.jpg,train,684
23.3,684/20140705_201148.jpg,train,684
27.8,684/20140706_184147.jpg,train,684
30.0,684/20140707_184159.jpg,train,684
31.7,684/20140708_184149.jpg,train,684
26.7,684/20140709_184151.jpg,train,684
24.4,684/20140711_191158.jpg,train,684
27.8,684/20140712_191148.jpg,train,684
26.7,684/20140713_164150.jpg,train,684
30.6,684/20140713_184151.jpg,train,684
30.6,684/20140714_191150.jpg,train,684
25.6,684/20140715_184152.jpg,train,684
24.4,684/20140717_184148.jpg,train,684
23.9,684/20140718_174149.jpg,train,684
22.8,684/20140719_191148.jpg,train,684
25.0,684/20140722_164151.jpg,train,684
27.0,684/20140722_201150.jpg,train,684
26.1,684/20140731_191149.jpg,train,684
19.0,684/20140801_191141.jpg,train,684
21.7,684/20140802_184144.jpg,train,684
25.0,684/20140803_174159.jpg,train,684
24.4,684/20140803_181156.jpg,train,684
25.0,684/20140803_191150.jpg,train,684
26.1,684/20140803_201150.jpg,train,684
23.9,684/20140804_164151.jpg,train,684
23.9,684/20140804_181149.jpg,train,684
25.0,684/20140804_191200.jpg,train,684
28.3,684/20140805_201153.jpg,train,684
27.2,684/20140806_174154.jpg,train,684
25.0,684/20140806_181156.jpg,train,684
27.8,684/20140807_201144.jpg,train,684
22.8,684/20140808_174150.jpg,train,684
21.0,684/20140811_201145.jpg,train,684
24.4,684/20140814_174149.jpg,train,684
23.9,684/20140816_191156.jpg,train,684
22.8,684/20140818_171203.jpg,train,684
22.8,684/20140818_181145.jpg,train,684
22.8,684/20140818_201159.jpg,train,684
23.9,684/20140819_164155.jpg,train,684
23.9,684/20140819_181148.jpg,train,684
25.6,684/20140820_184145.jpg,train,684
26.7,684/20140823_174203.jpg,train,684
26.7,684/20140823_191153.jpg,train,684
25.0,684/20140827_191148.jpg,train,684
26.1,684/20140828_181145.jpg,train,684
28.9,684/20140828_184157.jpg,train,684
26.7,684/20140830_184154.jpg,train,684
25.6,684/20140903_191150.jpg,train,684
22.2,684/20140909_181147.jpg,train,684
30.0,684/20140911_201154.jpg,train,684
21.7,684/20140912_151152.jpg,train,684
19.4,684/20140913_174153.jpg,train,684
15.6,684/20140914_181157.jpg,train,684
21.1,684/20140915_174153.jpg,train,684
18.9,684/20140917_201150.jpg,train,684
19.4,684/20140918_164155.jpg,train,684
15.0,684/20140923_201153.jpg,train,684
20.6,684/20140925_164152.jpg,train,684
21.7,684/20140925_174153.jpg,train,684
19.4,684/20140926_174153.jpg,train,684
20.0,684/20140926_184159.jpg,train,684
21.1,684/20140927_191201.jpg,train,684
21.7,684/20140928_201152.jpg,train,684
20.0,684/20140929_184153.jpg,train,684
20.0,684/20140929_201202.jpg,train,684
22.8,684/20141001_201147.jpg,train,684
24.4,684/20141002_201151.jpg,train,684
13.3,684/20141004_181151.jpg,train,684
17.2,684/20141006_174148.jpg,train,684
21.1,684/20141006_184148.jpg,train,684
14.4,684/20141007_164159.jpg,train,684
14.4,684/20141007_181147.jpg,train,684
22.2,684/20141008_191145.jpg,train,684
